Date,Visitor,Visitor Score,Home,Home Score,Overtimes
08-18-2022,Underwood,20,Council Bluffs Lewis Central,35,0
08-19-2022,Riceville,34,Colo-NESCO,42,1
08-19-2022,Des Moines North,0,Dallas Center-Grimes,41,0
08-19-2022,Davenport Assumption,26,Independence,7,0
08-19-2022,Huxley Ballard,29,Winterset,7,0
08-19-2022,Garwin GMG,0,Janesville,56,0
08-19-2022,Maynard West Central,44,Dunkerton,6,0
08-19-2022,Marengo Iowa Valley,36,Montezuma,33,0
08-19-2022,Moravia,38,New London,26,0
08-19-2022,Panora Panorama,39,Perry,21,0
08-19-2022,Sioux City East,50,Glenwood,33,0
08-19-2022,Sioux City West,46,Council Bluffs Jefferson,20,0
08-20-2022,Murray,62,Bussey Twin Cedars,6,0
08-20-2022,Liberty Center Southeast Warren,20,Wayland WACO,42,0
08-20-2022,Audubon,36,Winfield-Mount Union,68,0
08-25-2022,Iowa City West,19,Cedar Rapids Kennedy,28,0
08-25-2022,Harlan,27,Council Bluffs Lewis Central,30,0
08-25-2022,Sioux City North,44,South Sioux City NE,0,0
08-26-2022,Belmond-Klemme,8,Ackley AGWSR,36,0
08-26-2022,Adel ADM,43,Gilbert,14,0
08-26-2022,Afton East Union,35,Murray,0,0
08-26-2022,Eddyville-Blakesburg-Fremont,0,Albia,20,0
08-26-2022,Alburnett,16,Troy Mills North Linn,13,0
08-26-2022,Algona,39,Emmetsburg,26,0
08-26-2022,Janesville,6,Algona Garrigan,52,0
08-26-2022,Alleman North Polk,20,Dallas Center-Grimes,16,0
08-26-2022,Alta-Aurelia,28,Onawa West Monona,0,0
08-26-2022,Marshalltown,17,Ames,33,0
08-26-2022,Tabor Fremont-Mills,25,Anita CAM,26,0
08-26-2022,Ankeny,26,Waukee,7,0
08-26-2022,Aplington-Parkersburg,48,LaPorte City Union,14,0
08-26-2022,Manning IKM-Manning,0,Avoca AHSTW,32,0
08-26-2022,Baxter,50,Colo-NESCO,8,0
08-26-2022,Bedford,76,Lamoni,6,0
08-26-2022,Bondurant-Farrar,36,Huxley Ballard,7,0
08-26-2022,Garner-Hayfield-Ventura,8,Britt West Hancock,32,0
08-26-2022,Brooklyn BGM,78,Marengo Iowa Valley,74,0
08-26-2022,Carlisle,35,Winterset,18,0
08-26-2022,Carroll,28,Denison-Schleswig,0,0
08-26-2022,Logan-Magnolia,12,Carroll Kuemper,34,0
08-26-2022,Monticello,13,Cascade Western Dubuque,21,0
08-26-2022,Johnston,0,Cedar Falls,14,0
08-26-2022,Cedar Rapids Jefferson,6,Cedar Rapids Washington,47,0
08-26-2022,Cedar Rapids Xavier,31,Epworth Western Dubuque,14,0
08-26-2022,Vinton-Shellsburg,7,Center Point-Urbana,34,0
08-26-2022,Chariton,0,Centerville,24,0
08-26-2022,Lone Tree,21,Central City,44,0
08-26-2022,Eagle Grove,20,Clarion-Goldfield-Dows,48,0
08-26-2022,New London,24,Clarksville,38,0
08-26-2022,Clear Lake,42,Iowa Falls-Alden,0,0
08-26-2022,Woodward Academy,28,Collins-Maxwell,69,0
08-26-2022,Columbus Junction,55,Letts Louisa-Muscatine,14,0
08-26-2022,LeGrand East Marshall,14,Conrad BCLUW,20,1
08-26-2022,Leon Central Decatur,11,Corning Southwest Valley,17,0
08-26-2022,Council Bluffs Jefferson,6,Council Bluffs Lincoln,22,0
08-26-2022,Cresco Crestwood,26,Decorah,14,0
08-26-2022,Clarinda,12,Creston-Orient-Macksburg,28,0
08-26-2022,Davenport West,20,Clinton,14,0
08-26-2022,Stanwood North Cedar,6,Delhi Maquoketa Valley,46,0
08-26-2022,Denver,25,Fairbank Wapsie Valley,20,0
08-26-2022,Des Moines Grand View Christian,56,Garwin GMG,8,0
08-26-2022,Sioux City West,12,Des Moines Lincoln,49,0
08-26-2022,Des Moines North,30,Des Moines Hoover,6,0
08-26-2022,Des Moines Roosevelt,40,Des Moines East,12,0
08-26-2022,Davenport Central,0,DeWitt Central Clinton,46,0
08-26-2022,Waterloo Columbus,14,Dike-New Hartford,42,0
08-26-2022,Dubuque Hempstead,13,Dubuque Senior,42,0
08-26-2022,Dubuque Wahlert,31,Manchester West Delaware,14,0
08-26-2022,Correctionville River Valley,6,Dunlap Boyer Valley,42,0
08-26-2022,Durant,38,Sigourney-Keota,14,0
08-26-2022,Camanche,6,Dyersville Beckman,20,0
08-26-2022,Eldridge North Scott,47,Davenport North,7,0
08-26-2022,Storm Lake,0,Estherville-Lincoln Central,36,0
08-26-2022,Griswold,22,Exira-Elk Horn-Kimballton,61,0
08-26-2022,Mount Pleasant,20,Fairfield,41,0
08-26-2022,Lake Mills,6,Forest City,46,0
08-26-2022,Westside Ar-We-Va,19,Fort Dodge St Edmond,65,0
08-26-2022,Fort Madison,22,Keokuk,13,0
08-26-2022,Melcher-Dallas,0,Garden Grove Mormon Trail,74,0
08-26-2022,Preston Easton Valley,30,Gilbertville Don Bosco,34,0
08-26-2022,Gladbrook-Reinbeck,70,Buffalo Center North Iowa,13,0
08-26-2022,Atlantic,27,Glenwood,43,0
08-26-2022,Goose Lake Northeast,56,Bellevue,28,0
08-26-2022,Gowrie Southeast Valley,20,Truro Interstate-35,7,0
08-26-2022,Grundy Center,27,Eldora South Hardin,6,0
08-26-2022,Postville,12,Guttenberg Clayton Ridge,32,0
08-26-2022,Sheffield West Fork,7,Hampton-Dumont-CAL,44,0
08-26-2022,Hartley-Melvin-Sanborn,18,Hawarden West Sioux,38,0
08-26-2022,Hudson,37,Jesup,0,0
08-26-2022,Inwood West Lyon,7,Hull Western Christian,21,0
08-26-2022,Webster City,0,Humboldt,10,0
08-26-2022,Holstein Ridge View,6,Ida Grove O-A-BC-IG,47,0
08-26-2022,Independence,44,Maquoketa,9,0
08-26-2022,Indianola,26,Ankeny Centennial,20,0
08-26-2022,Iowa City Liberty,36,Iowa City High,19,0
08-26-2022,Jackson Junction Turkey Valley,46,Edgewood-Colesburg,26,0
08-26-2022,Jewell South Hamilton,34,Story City Roland-Story,28,1
08-26-2022,Keosauqua Van Buren,22,Donnellson Central Lee,20,0
08-26-2022,Lake View East Sac,7,Lake City South Central Calhoun,48,0
08-26-2022,Akron-Westfield,13,Lawton-Bronson,29,0
08-26-2022,Sergeant Bluff-Luton,14,LeMars,17,0
08-26-2022,LeMars Gehlen,21,Orange City Unity Christian,13,0
08-26-2022,Lenox,76,Seymour-Moulton-Udell,12,0
08-26-2022,Liberty Center Southeast Warren,44,Audubon,20,0
08-26-2022,Pleasantville,7,Lynnville-Sully,32,0
08-26-2022,Malvern East Mills,55,Woodbine,14,0
08-26-2022,Marcus-Meriden-Cleghorn-Remsen-Union,38,Cherokee Washington,22,0
08-26-2022,Marion Linn-Mar,41,Muscatine,0,0
08-26-2022,Fort Dodge,30,Mason City,35,0
08-26-2022,Mason City Newman,35,Manly Central Springs,7,0
08-26-2022,Lansing Kee,32,Maynard West Central,46,0
08-26-2022,Wapello,6,Mediapolis,41,0
08-26-2022,MOC-Floyd Valley,42,Sibley-Ocheyedan,0,0
08-26-2022,Sioux City Siouxland Christian,8,Mondamin West Harrison-Whiting,59,0
08-26-2022,Victor HLV,32,Montezuma,42,0
08-26-2022,Greenfield Nodaway Valley,0,Mount Ayr,54,0
08-26-2022,Anamosa,0,Mount Vernon,28,0
08-26-2022,Hinton,13,Moville Woodbury Central,41,0
08-26-2022,Greene North Butler,6,Nashua-Plainfield,42,0
08-26-2022,Nevada,38,Boone,0,0
08-26-2022,Newell-Fonda,28,West Bend-Mallard,14,0
08-26-2022,Monona MFL-MarMac,19,New Hampton,22,0
08-26-2022,Knoxville,17,Newton,39,0
08-26-2022,Riceville,12,Northwood-Kensett,55,0
08-26-2022,Norwalk,44,Pella,20,0
08-26-2022,Charles City,13,Oelwein,36,0
08-26-2022,Perry,0,Ogden,41,0
08-26-2022,Saint Ansgar,19,Osage,27,0
08-26-2022,Osceola Clarke,71,Saydel,0,0
08-26-2022,Ottumwa,21,Oskaloosa,20,0
08-26-2022,Eldon Cardinal,0,Packwood Pekin,20,0
08-26-2022,Panora Panorama,50,Colfax-Mingo,33,0
08-26-2022,Paullina South O'Brien,32,Sioux Rapids Sioux Central,0,0
08-26-2022,Des Moines Christian,28,Pella Christian,56,0
08-26-2022,Pleasant Hill Southeast Polk,38,West Des Moines Dowling,24,0
08-26-2022,Cedar Rapids Prairie,6,Pleasant Valley,37,0
08-26-2022,Manson Northwest Webster,0,Pocahontas Area,38,0
08-26-2022,Prairie City-Monroe,48,Bloomfield Davis County,14,0
08-26-2022,Oakland Riverside,0,Red Oak,41,0
08-26-2022,Remsen St Mary,42,Harris-Lake Park,7,0
08-26-2022,Boyden-Hull-Rock Valley,7,Rock Rapids Central Lyon-George-Little Rock,52,0
08-26-2022,Kingsley-Pierson,38,Ruthven Graettinger-Terril-Ruthven-Ayrshire,40,0
08-26-2022,Shenandoah,36,Missouri Valley,24,0
08-26-2022,Corydon Wayne,16,Sidney,21,0
08-26-2022,Sioux Center,14,Sheldon,6,0
08-26-2022,Sioux City Heelan,3,Sioux City East,35,0
08-26-2022,Mapleton MV-A-O-CO-U,18,Sloan Westwood,48,0
08-26-2022,Solon,42,West Liberty,0,0
08-26-2022,Spirit Lake,27,Spencer,16,0
08-26-2022,Stanton-Essex,20,Martensdale-St Marys,8,0
08-26-2022,Tama South Tama,6,State Center West Marshall,42,0
08-26-2022,Stuart West Central Valley,35,New Sharon North Mahaska,14,0
08-26-2022,Sumner-Fredericksburg,44,Arlington Starmont,6,0
08-26-2022,Milford Okoboji,0,Swea City North Union,39,0
08-26-2022,Bussey Twin Cedars,14,Thornburg Tri-County,60,0
08-26-2022,Marion,0,Tiffin Clear Creek-Amana,26,0
08-26-2022,Belle Plaine,6,Traer North Tama,34,0
08-26-2022,Treynor,21,Council Bluffs St Albert,17,0
08-26-2022,Dunkerton,0,Tripoli,80,0
08-26-2022,Underwood,58,Neola Tri-Center,14,0
08-26-2022,Bettendorf,14,Urbandale,27,0
08-26-2022,Van Horne Benton,35,Grinnell,0,0
08-26-2022,Van Meter,35,Earlham,6,0
08-26-2022,Burlington,14,Washington,21,0
08-26-2022,Waterloo West,21,Waterloo East,14,0
08-26-2022,Waukon,14,Waverly-Shell Rock,42,0
08-26-2022,Springville,22,Wayland WACO,57,0
08-26-2022,Wellman Mid-Prairie,28,West Burlington-Notre Dame,18,0
08-26-2022,Lisbon,20,West Branch,61,0
08-26-2022,West Des Moines Valley,17,Waukee Northwest,7,0
08-26-2022,Calmar South Winneshiek,6,West Union North Fayette Valley,35,0
08-26-2022,Iowa City Regina,0,Williamsburg,31,0
08-26-2022,Tipton,12,Wilton,18,0
08-26-2022,Winfield-Mount Union,64,Moravia,50,0
08-26-2022,Riverside Highland,0,Winthrop East Buchanan,54,0
08-26-2022,Madrid,8,Woodward-Granger,20,0
08-26-2022,Wyoming Midland,52,North English English Valleys,0,0
08-27-2022,Glidden-Ralston,28,Coon Rapids-Bayard,40,0
08-27-2022,Guthrie Center-Adair-Casey,14,Jefferson Greene County,20,0
09-01-2022,Clinton,50,Davenport Central,27,0
09-01-2022,Garwin GMG,6,Collins-Maxwell,56,0
09-01-2022,South Sioux City NE,33,Sioux City West,35,0
09-02-2022,Traer North Tama,0,Ackley AGWSR,29,0
09-02-2022,Adel ADM,59,Huxley Ballard,20,0
09-02-2022,Lamoni,6,Afton East Union,53,0
09-02-2022,Packwood Pekin,0,Alburnett,42,0
09-02-2022,Clear Lake,16,Algona,27,0
09-02-2022,Algona Garrigan,32,Buffalo Center North Iowa,14,0
09-02-2022,Pella,7,Alleman North Polk,24,0
09-02-2022,Alta-Aurelia,14,Akron-Westfield,0,0
09-02-2022,Ames,36,Fort Dodge,32,0
09-02-2022,Anita CAM,56,Woodbine,16,0
09-02-2022,Ankeny Centennial,10,Ankeny,17,0
09-02-2022,Osage,17,Aplington-Parkersburg,34,0
09-02-2022,Audubon,50,Dunlap Boyer Valley,13,0
09-02-2022,Earlham,28,Avoca AHSTW,50,0
09-02-2022,Baxter,64,Melcher-Dallas,0,0
09-02-2022,Griswold,6,Bedford,70,0
09-02-2022,Bellevue,33,Arlington Starmont,30,0
09-02-2022,Bloomfield Davis County,26,Keosauqua Van Buren,14,0
09-02-2022,Dallas Center-Grimes,14,Bondurant-Farrar,21,0
09-02-2022,Mason City Newman,7,Britt West Hancock,42,0
09-02-2022,Brooklyn BGM,74,Bussey Twin Cedars,6,0
09-02-2022,Keokuk,21,Burlington,35,0
09-02-2022,Carroll Kuemper,37,Atlantic,22,0
09-02-2022,Cedar Falls,57,Waterloo West,0,0
09-02-2022,Cedar Rapids Kennedy,34,Bettendorf,0,0
09-02-2022,Dubuque Senior,20,Cedar Rapids Prairie,40,0
09-02-2022,Cedar Rapids Washington,41,Marion,13,0
09-02-2022,Manchester West Delaware,7,Cedar Rapids Xavier,44,0
09-02-2022,Centerville,24,Albia,0,0
09-02-2022,Central City,48,Lansing Kee,0,0
09-02-2022,Eddyville-Blakesburg-Fremont,0,Chariton,35,0
09-02-2022,Onawa West Monona,30,Cherokee Washington,52,0
09-02-2022,Clarion-Goldfield-Dows,42,Belmond-Klemme,0,0
09-02-2022,Columbus Junction,55,Riverside Highland,0,0
09-02-2022,Conrad BCLUW,14,Hudson,13,0
09-02-2022,Coon Rapids-Bayard,77,Woodward Academy,14,0
09-02-2022,Corning Southwest Valley,35,Sidney,0,0
09-02-2022,Council Bluffs Lewis Central,28,Carlisle,21,0
09-02-2022,Council Bluffs St Albert,30,Oakland Riverside,28,0
09-02-2022,Creston-Orient-Macksburg,31,Winterset,14,0
09-02-2022,Davenport North,13,Davenport West,20,0
09-02-2022,Decorah,27,Waukon,24,0
09-02-2022,Delhi Maquoketa Valley,38,Calmar South Winneshiek,8,0
09-02-2022,Council Bluffs Lincoln,7,Denison-Schleswig,22,0
09-02-2022,LaPorte City Union,7,Denver,42,0
09-02-2022,Des Moines Hoover,7,Des Moines Christian,48,0
09-02-2022,Des Moines East,14,Des Moines North,46,0
09-02-2022,DeWitt Central Clinton,42,Camanche,24,0
09-02-2022,Donnellson Central Lee,34,Eldon Cardinal,14,0
09-02-2022,Davenport Assumption,21,Dubuque Wahlert,34,0
09-02-2022,Cascade Western Dubuque,13,Durant,26,0
09-02-2022,Dyersville Beckman,20,Anamosa,12,0
09-02-2022,Mapleton MV-A-O-CO-U,20,Eagle Grove,30,0
09-02-2022,Springville,7,Edgewood-Colesburg,52,0
09-02-2022,Epworth Western Dubuque,7,Eldridge North Scott,45,0
09-02-2022,Nashua-Plainfield,6,Fairbank Wapsie Valley,41,0
09-02-2022,West Burlington-Notre Dame,6,Fort Madison,17,0
09-02-2022,Gilbert,27,Carroll,14,0
09-02-2022,Gilbertville Don Bosco,48,Jackson Junction Turkey Valley,8,0
09-02-2022,Colo-NESCO,14,Gladbrook-Reinbeck,54,0
09-02-2022,Emmetsburg,14,Gowrie Southeast Valley,28,0
09-02-2022,Dike-New Hartford,14,Grundy Center,17,0
09-02-2022,Woodward-Granger,30,Guthrie Center-Adair-Casey,34,0
09-02-2022,Hampton-Dumont-CAL,34,Iowa Falls-Alden,7,0
09-02-2022,Grinnell,6,Harlan,63,0
09-02-2022,Harris-Lake Park,49,Northwood-Kensett,0,0
09-02-2022,Hartley-Melvin-Sanborn,50,LeMars Gehlen,35,0
09-02-2022,Hawarden West Sioux,58,Sioux Center,14,0
09-02-2022,Marcus-Meriden-Cleghorn-Remsen-Union,32,Hinton,40,0
09-02-2022,Lake View East Sac,3,Holstein Ridge View,12,0
09-02-2022,Hull Western Christian,27,Boyden-Hull-Rock Valley,20,0
09-02-2022,Humboldt,37,Garner-Hayfield-Ventura,0,0
09-02-2022,Ida Grove O-A-BC-IG,42,Storm Lake,0,0
09-02-2022,Tiffin Clear Creek-Amana,7,Independence,13,0
09-02-2022,Glenwood,17,Indianola,31,0
09-02-2022,Estherville-Lincoln Central,14,Inwood West Lyon,43,0
09-02-2022,Iowa City High,77,Cedar Rapids Jefferson,0,0
09-02-2022,Marion Linn-Mar,14,Iowa City Liberty,25,0
09-02-2022,West Liberty,14,Iowa City Regina,49,0
09-02-2022,Muscatine,21,Iowa City West,35,0
09-02-2022,Jefferson Greene County,61,Perry,0,0
09-02-2022,Jesup,42,Postville,8,0
09-02-2022,Eldora South Hardin,13,Jewell South Hamilton,44,0
09-02-2022,Urbandale,7,Johnston,24,0
09-02-2022,Westside Ar-We-Va,19,Kingsley-Pierson,67,0
09-02-2022,Lawton-Bronson,65,Missouri Valley,0,0
09-02-2022,LeMars,28,Sioux City Heelan,0,0
09-02-2022,Lenox,50,Malvern East Mills,32,0
09-02-2022,Liberty Center Southeast Warren,59,Garden Grove Mormon Trail,22,0
09-02-2022,Lisbon,47,Stanwood North Cedar,0,0
09-02-2022,North English English Valleys,24,Lone Tree,49,0
09-02-2022,Lynnville-Sully,50,New Sharon North Mahaska,6,0
09-02-2022,Belle Plaine,26,Madrid,32,0
09-02-2022,Manly Central Springs,41,Lake Mills,30,0
09-02-2022,Winfield-Mount Union,52,Marengo Iowa Valley,68,0
09-02-2022,Waterloo East,6,Marshalltown,31,0
09-02-2022,Maynard West Central,54,Janesville,22,0
09-02-2022,Mediapolis,36,Tipton,0,0
09-02-2022,Orange City Unity Christian,7,MOC-Floyd Valley,34,0
09-02-2022,Exira-Elk Horn-Kimballton,32,Mondamin West Harrison-Whiting,35,0
09-02-2022,Guttenberg Clayton Ridge,0,Monona MFL-MarMac,60,0
09-02-2022,Des Moines Grand View Christian,26,Montezuma,68,0
09-02-2022,Maquoketa,7,Monticello,43,0
09-02-2022,Moravia,76,Martensdale-St Marys,64,0
09-02-2022,Mount Ayr,33,Leon Central Decatur,13,0
09-02-2022,Mount Vernon,17,Solon,14,0
09-02-2022,Moville Woodbury Central,41,Logan-Magnolia,6,0
09-02-2022,Seymour-Moulton-Udell,6,Murray,36,0
09-02-2022,Sioux City Siouxland Christian,0,Newell-Fonda,72,0
09-02-2022,New Hampton,36,Charles City,7,0
09-02-2022,Thornburg Tri-County,0,New London,52,0
09-02-2022,Newton,27,Prairie City-Monroe,13,0
09-02-2022,Des Moines Lincoln,0,Norwalk,45,0
09-02-2022,Ogden,55,Corydon Wayne,12,0
09-02-2022,Omaha South NE,48,Council Bluffs Jefferson,7,0
09-02-2022,Colfax-Mingo,0,Osceola Clarke,57,0
09-02-2022,Oskaloosa,28,Knoxville,6,0
09-02-2022,Fairfield,16,Ottumwa,22,0
09-02-2022,Pella Christian,61,Panora Panorama,3,0
09-02-2022,Pleasant Hill Southeast Polk,24,West Des Moines Valley,7,0
09-02-2022,Pleasant Valley,42,Dubuque Hempstead,0,0
09-02-2022,Truro Interstate-35,14,Pleasantville,27,0
09-02-2022,Pocahontas Area,30,Lake City South Central Calhoun,6,0
09-02-2022,Preston Easton Valley,69,South Beliot IL,22,0
09-02-2022,Red Oak,42,Stuart West Central Valley,0,0
09-02-2022,Correctionville River Valley,6,Remsen St Mary,60,0
09-02-2022,Rock Rapids Central Lyon-George-Little Rock,42,Sergeant Bluff-Luton,0,0
09-02-2022,Ruthven Graettinger-Terril-Ruthven-Ayrshire,50,Glidden-Ralston,8,0
09-02-2022,Sheffield West Fork,0,Saint Ansgar,35,0
09-02-2022,Sheldon,17,Paullina South O'Brien,0,0
09-02-2022,Greenfield Nodaway Valley,7,Shenandoah,20,0
09-02-2022,Sibley-Ocheyedan,15,Milford Okoboji,6,0
09-02-2022,Sioux City East,28,Sioux City North,2,0
09-02-2022,Sioux Rapids Sioux Central,42,Manson Northwest Webster,13,0
09-02-2022,Sloan Westwood,26,Manning IKM-Manning,18,0
09-02-2022,Spencer,37,Mason City,29,0
09-02-2022,Forest City,0,Spirit Lake,47,0
09-02-2022,State Center West Marshall,35,Nevada,31,0
09-02-2022,Story City Roland-Story,47,LeGrand East Marshall,7,0
09-02-2022,Swea City North Union,35,Greene North Butler,6,0
09-02-2022,Stanton-Essex,6,Tabor Fremont-Mills,42,0
09-02-2022,Saydel,0,Tama South Tama,53,0
09-02-2022,Neola Tri-Center,22,Treynor,34,0
09-02-2022,Tripoli,58,Riceville,16,0
09-02-2022,Winthrop East Buchanan,8,Troy Mills North Linn,14,0
09-02-2022,Clarinda,22,Underwood,59,0
09-02-2022,Center Point-Urbana,7,Van Horne Benton,37,0
09-02-2022,Oelwein,0,Vinton-Shellsburg,48,0
09-02-2022,Letts Louisa-Muscatine,21,Wapello,60,0
09-02-2022,Washington,54,Mount Pleasant,20,0
09-02-2022,Waukee,31,Des Moines Roosevelt,13,0
09-02-2022,Waverly-Shell Rock,35,Cresco Crestwood,0,0
09-02-2022,Victor HLV,14,Wayland WACO,60,0
09-02-2022,Boone,0,Webster City,54,0
09-02-2022,Sigourney-Keota,20,Wellman Mid-Prairie,23,0
09-02-2022,Fort Dodge St Edmond,22,West Bend-Mallard,66,0
09-02-2022,West Branch,34,Waterloo Columbus,13,0
09-02-2022,West Des Moines Dowling,45,Waukee Northwest,19,0
09-02-2022,West Union North Fayette Valley,13,Sumner-Fredericksburg,0,0
09-02-2022,Williamsburg,18,Van Meter,13,0
09-02-2022,Wilton,40,Goose Lake Northeast,12,0
09-02-2022,Clarksville,24,Wyoming Midland,54,0
09-08-2022,Davenport Central,19,Cedar Rapids Jefferson,12,1
09-08-2022,LeMars,17,Sioux City East,52,0
09-09-2022,Ackley AGWSR,28,Conrad BCLUW,26,0
09-09-2022,Alleman North Polk,20,Adel ADM,29,0
09-09-2022,Akron-Westfield,21,Marcus-Meriden-Cleghorn-Remsen-Union,20,0
09-09-2022,Albia,46,Donnellson Central Lee,20,0
09-09-2022,Alburnett,14,Lisbon,0,0
09-09-2022,Algona,34,Garner-Hayfield-Ventura,7,0
09-09-2022,Ankeny Centennial,31,Waukee,6,0
09-09-2022,Aplington-Parkersburg,72,Jesup,19,0
09-09-2022,Atlantic,26,Shenandoah,0,0
09-09-2022,Avoca AHSTW,28,Corning Southwest Valley,0,0
09-09-2022,Woodward Academy,8,Baxter,72,0
09-09-2022,Corydon Wayne,22,Belle Plaine,42,0
09-09-2022,Eldon Cardinal,6,Bloomfield Davis County,16,0
09-09-2022,Gilbert,7,Bondurant-Farrar,48,0
09-09-2022,Orange City Unity Christian,0,Boyden-Hull-Rock Valley,20,0
09-09-2022,Britt West Hancock,60,Lake Mills,6,0
09-09-2022,Oskaloosa,3,Burlington,20,0
09-09-2022,Calmar South Winneshiek,53,Guttenberg Clayton Ridge,19,0
09-09-2022,Maquoketa,24,Camanche,27,0
09-09-2022,Knoxville,0,Carlisle,49,0
09-09-2022,Carroll,56,Council Bluffs Jefferson,0,0
09-09-2022,Jefferson Greene County,0,Carroll Kuemper,35,0
09-09-2022,Anamosa,7,Cascade Western Dubuque,46,0
09-09-2022,Cedar Rapids Washington,6,Cedar Rapids Kennedy,27,0
09-09-2022,Cedar Rapids Prairie,24,Cedar Falls,7,0
09-09-2022,Dubuque Wahlert,7,Cedar Rapids Xavier,40,0
09-09-2022,LaPorte City Union,13,Center Point-Urbana,38,0
09-09-2022,Edgewood-Colesburg,12,Central City,38,0
09-09-2022,Chariton,60,Saydel,8,0
09-09-2022,Cherokee Washington,46,Mapleton MV-A-O-CO-U,14,0
09-09-2022,Treynor,34,Clarinda,42,0
09-09-2022,Forest City,6,Clarion-Goldfield-Dows,28,0
09-09-2022,Garwin GMG,16,Clarksville,82,0
09-09-2022,Wapello,19,Columbus Junction,39,0
09-09-2022,Dunlap Boyer Valley,7,Coon Rapids-Bayard,35,0
09-09-2022,Council Bluffs Lewis Central,49,Norwalk,27,0
09-09-2022,Cresco Crestwood,44,Waukon,20,0
09-09-2022,Denison-Schleswig,9,Creston-Orient-Macksburg,35,0
09-09-2022,Waterloo West,20,Davenport West,46,0
09-09-2022,Des Moines Lincoln,21,Des Moines East,32,0
09-09-2022,Bussey Twin Cedars,12,Des Moines Grand View Christian,69,0
09-09-2022,Sioux City West,33,Des Moines Hoover,35,0
09-09-2022,Ottumwa,14,Des Moines Roosevelt,34,0
09-09-2022,DeWitt Central Clinton,37,Clinton,14,0
09-09-2022,Dike-New Hartford,28,Clear Lake,20,0
09-09-2022,Davenport North,13,Dubuque Senior,27,0
09-09-2022,Durant,23,Goose Lake Northeast,22,0
09-09-2022,Monticello,14,Dyersville Beckman,28,0
09-09-2022,Sidney,6,Earlham,55,0
09-09-2022,Iowa Falls-Alden,7,Eldora South Hardin,28,0
09-09-2022,Eldridge North Scott,31,Davenport Assumption,14,0
09-09-2022,Lake City South Central Calhoun,28,Emmetsburg,63,0
09-09-2022,Iowa City Liberty,30,Epworth Western Dubuque,36,0
09-09-2022,Woodbine,8,Exira-Elk Horn-Kimballton,41,0
09-09-2022,Fort Dodge,50,Waterloo East,6,0
09-09-2022,Buffalo Center North Iowa,18,Fort Dodge St Edmond,48,0
09-09-2022,Fort Madison,16,Fairfield,13,0
09-09-2022,Collins-Maxwell,12,Gilbertville Don Bosco,86,0
09-09-2022,Gladbrook-Reinbeck,60,Dunkerton,6,0
09-09-2022,Council Bluffs Lincoln,6,Glenwood,40,0
09-09-2022,Greene North Butler,20,Sheffield West Fork,0,0
09-09-2022,Grinnell,28,Tama South Tama,7,0
09-09-2022,Fairbank Wapsie Valley,7,Grundy Center,20,0
09-09-2022,Guthrie Center-Adair-Casey,32,Des Moines Christian,27,0
09-09-2022,Gowrie Southeast Valley,6,Hampton-Dumont-CAL,13,0
09-09-2022,Harlan,42,Sergeant Bluff-Luton,14,0
09-09-2022,Harris-Lake Park,40,Kingsley-Pierson,37,0
09-09-2022,Paullina South O'Brien,6,Hartley-Melvin-Sanborn,22,0
09-09-2022,Hinton,40,Alta-Aurelia,28,0
09-09-2022,Holstein Ridge View,35,Onawa West Monona,0,0
09-09-2022,Hudson,17,Traer North Tama,0,0
09-09-2022,Humboldt,17,Estherville-Lincoln Central,0,0
09-09-2022,Huxley Ballard,41,Boone,6,0
09-09-2022,Ida Grove O-A-BC-IG,54,Lake View East Sac,7,0
09-09-2022,Independence,50,West Liberty,8,0
09-09-2022,Pella,19,Indianola,33,0
09-09-2022,Sioux Center,0,Inwood West Lyon,17,0
09-09-2022,Ames,19,Iowa City High,55,0
09-09-2022,Wellman Mid-Prairie,7,Iowa City Regina,36,0
09-09-2022,Dubuque Hempstead,15,Iowa City West,40,0
09-09-2022,Dallas Center-Grimes,21,Johnston,44,0
09-09-2022,Mount Pleasant,29,Keokuk,45,0
09-09-2022,Keosauqua Van Buren,70,Letts Louisa-Muscatine,22,0
09-09-2022,Lansing Kee,52,Springville,23,0
09-09-2022,Lawton-Bronson,0,LeMars Gehlen,35,0
09-09-2022,Bedford,27,Lenox,38,0
09-09-2022,Panora Panorama,27,Leon Central Decatur,61,0
09-09-2022,Martensdale-St Marys,12,Liberty Center Southeast Warren,60,0
09-09-2022,Logan-Magnolia,14,Sloan Westwood,6,0
09-09-2022,Lone Tree,41,Victor HLV,30,0
09-09-2022,Lynnville-Sully,49,LeGrand East Marshall,7,0
09-09-2022,Madrid,33,Ogden,13,0
09-09-2022,Malvern East Mills,65,Griswold,14,0
09-09-2022,Manchester West Delaware,42,Decorah,6,0
09-09-2022,Marengo Iowa Valley,68,Thornburg Tri-County,20,0
09-09-2022,Van Horne Benton,14,Marion,38,0
09-09-2022,Mason City,33,Charles City,7,0
09-09-2022,Belmond-Klemme,0,Mason City Newman,49,0
09-09-2022,Riceville,34,Maynard West Central,58,0
09-09-2022,Mediapolis,40,West Burlington-Notre Dame,12,0
09-09-2022,Seymour-Moulton-Udell,30,Melcher-Dallas,44,0
09-09-2022,Milford Okoboji,32,Manson Northwest Webster,0,0
09-09-2022,Storm Lake,0,MOC-Floyd Valley,41,0
09-09-2022,Mondamin West Harrison-Whiting,29,Anita CAM,22,0
09-09-2022,Montezuma,54,Brooklyn BGM,50,0
09-09-2022,Garden Grove Mormon Trail,44,Moravia,50,0
09-09-2022,Oakland Riverside,15,Mount Ayr,41,0
09-09-2022,Tipton,0,Mount Vernon,42,0
09-09-2022,Manning IKM-Manning,0,Moville Woodbury Central,40,0
09-09-2022,Murray,66,Lamoni,18,0
09-09-2022,Bettendorf,34,Muscatine,37,0
09-09-2022,Nashua-Plainfield,46,Manly Central Springs,18,0
09-09-2022,Missouri Valley,0,Neola Tri-Center,63,0
09-09-2022,Nevada,49,Story City Roland-Story,26,0
09-09-2022,Newell-Fonda,48,Correctionville River Valley,6,0
09-09-2022,Oelwein,0,New Hampton,47,0
09-09-2022,New London,50,Winfield-Mount Union,44,0
09-09-2022,New Sharon North Mahaska,37,Colfax-Mingo,14,0
09-09-2022,Newton,28,Marshalltown,21,0
09-09-2022,Monona MFL-MarMac,22,Osage,28,0
09-09-2022,Perry,7,Osceola Clarke,68,0
09-09-2022,Stanwood North Cedar,6,Packwood Pekin,47,0
09-09-2022,Prairie City-Monroe,7,Pella Christian,28,0
09-09-2022,Waukee Northwest,21,Pleasant Hill Southeast Polk,42,0
09-09-2022,Pleasant Valley,14,Marion Linn-Mar,7,1
09-09-2022,Pleasantville,35,Eddyville-Blakesburg-Fremont,7,0
09-09-2022,Pocahontas Area,12,Sioux Rapids Sioux Central,6,0
09-09-2022,Wyoming Midland,6,Preston Easton Valley,50,0
09-09-2022,Red Oak,36,Greenfield Nodaway Valley,0,0
09-09-2022,Remsen St Mary,73,Sioux City Siouxland Christian,0,0
09-09-2022,Hawarden West Sioux,6,Rock Rapids Central Lyon-George-Little Rock,44,0
09-09-2022,Northwood-Kensett,6,Ruthven Graettinger-Terril-Ruthven-Ayrshire,60,0
09-09-2022,Saint Ansgar,48,Swea City North Union,0,0
09-09-2022,Sheldon,34,Sibley-Ocheyedan,9,0
09-09-2022,Centerville,7,Sigourney-Keota,42,0
09-09-2022,Des Moines North,22,Sioux City North,45,0
09-09-2022,Sioux City Heelan,7,Spencer,31,0
09-09-2022,Hull Western Christian,20,Spirit Lake,35,0
09-09-2022,Afton East Union,24,Stanton-Essex,34,0
09-09-2022,State Center West Marshall,41,Jewell South Hamilton,6,0
09-09-2022,Eagle Grove,12,Stuart West Central Valley,13,0
09-09-2022,Denver,7,Sumner-Fredericksburg,12,0
09-09-2022,Audubon,0,Tabor Fremont-Mills,44,0
09-09-2022,Tiffin Clear Creek-Amana,31,Washington,6,0
09-09-2022,Janesville,14,Tripoli,76,0
09-09-2022,Troy Mills North Linn,48,Bellevue,13,0
09-09-2022,Woodward-Granger,14,Truro Interstate-35,24,0
09-09-2022,Council Bluffs St Albert,7,Underwood,57,0
09-09-2022,Urbandale,10,West Des Moines Valley,7,0
09-09-2022,Winterset,17,Van Meter,42,0
09-09-2022,Waterloo Columbus,21,Vinton-Shellsburg,7,0
09-09-2022,Webster City,0,Waverly-Shell Rock,28,0
09-09-2022,Wayland WACO,49,North English English Valleys,0,0
09-09-2022,West Bend-Mallard,30,Algona Garrigan,12,0
09-09-2022,Delhi Maquoketa Valley,0,West Branch,59,0
09-09-2022,West Des Moines Dowling,17,Ankeny,10,0
09-09-2022,Glidden-Ralston,28,Westside Ar-We-Va,38,0
09-09-2022,Postville,0,West Union North Fayette Valley,78,0
09-09-2022,Solon,25,Williamsburg,38,0
09-09-2022,Wilton,55,Riverside Highland,9,0
09-09-2022,Arlington Starmont,0,Winthrop East Buchanan,38,0
09-15-2022,Iowa City West,42,Davenport North,7,0
09-15-2022,Marion Linn-Mar,30,Cedar Rapids Washington,12,0
09-16-2022,Fairbank Wapsie Valley,42,Ackley AGWSR,14,0
09-16-2022,Lenox,70,Afton East Union,36,0
09-16-2022,Moville Woodbury Central,41,Akron-Westfield,7,0
09-16-2022,Albia,0,Story City Roland-Story,21,0
09-16-2022,Winthrop East Buchanan,34,Alburnett,27,0
09-16-2022,Boyden-Hull-Rock Valley,19,Algona,7,0
09-16-2022,Algona Garrigan,0,Newell-Fonda,19,0
09-16-2022,Alta-Aurelia,7,Paullina South O'Brien,14,0
09-16-2022,Goose Lake Northeast,22,Anamosa,21,0
09-16-2022,Anita CAM,38,Malvern East Mills,40,0
09-16-2022,Calmar South Winneshiek,48,Arlington Starmont,20,0
09-16-2022,Mount Ayr,13,Avoca AHSTW,41,0
09-16-2022,Tabor Fremont-Mills,60,Bedford,28,0
09-16-2022,Bellevue,20,Delhi Maquoketa Valley,22,0
09-16-2022,Jewell South Hamilton,58,Belmond-Klemme,0,0
09-16-2022,Boone,0,Humboldt,37,0
09-16-2022,Ruthven Graettinger-Terril-Ruthven-Ayrshire,62,Buffalo Center North Iowa,15,0
09-16-2022,Moravia,71,Bussey Twin Cedars,0,0
09-16-2022,Camanche,14,West Liberty,22,0
09-16-2022,Storm Lake,14,Carroll,63,0
09-16-2022,Carroll Kuemper,55,Mapleton MV-A-O-CO-U,12,0
09-16-2022,Cedar Falls,14,Ankeny Centennial,28,0
09-16-2022,Cedar Rapids Jefferson,6,Cedar Rapids Kennedy,55,0
09-16-2022,Cedar Rapids Prairie,18,Bettendorf,17,0
09-16-2022,Mount Vernon,42,Center Point-Urbana,6,0
09-16-2022,Bloomfield Davis County,12,Centerville,49,0
09-16-2022,Charles City,0,Decorah,28,0
09-16-2022,Cherokee Washington,0,Orange City Unity Christian,35,0
09-16-2022,Osage,31,Clear Lake,28,0
09-16-2022,Clinton,36,Maquoketa,44,0
09-16-2022,Colfax-Mingo,7,Belle Plaine,66,0
09-16-2022,Gilbertville Don Bosco,63,Colo-NESCO,16,0
09-16-2022,Corydon Wayne,0,Lynnville-Sully,51,0
09-16-2022,Council Bluffs Jefferson,0,Denison-Schleswig,41,0
09-16-2022,Corning Southwest Valley,14,Council Bluffs St Albert,0,0
09-16-2022,Norwalk,42,Dallas Center-Grimes,28,0
09-16-2022,Davenport Assumption,10,Solon,35,0
09-16-2022,Davenport West,42,Davenport Central,0,0
09-16-2022,Denver,0,Aplington-Parkersburg,21,0
09-16-2022,Des Moines Christian,22,Jefferson Greene County,30,0
09-16-2022,Des Moines East,0,Ames,54,0
09-16-2022,Des Moines Grand View Christian,40,Baxter,84,0
09-16-2022,Des Moines Hoover,21,Perry,27,0
09-16-2022,Carlisle,53,Des Moines Lincoln,14,0
09-16-2022,Des Moines Roosevelt,13,Urbandale,37,0
09-16-2022,Marion,20,DeWitt Central Clinton,13,0
09-16-2022,Eldora South Hardin,8,Dike-New Hartford,33,0
09-16-2022,Williamsburg,65,Donnellson Central Lee,7,0
09-16-2022,Epworth Western Dubuque,48,Dubuque Hempstead,6,0
09-16-2022,Collins-Maxwell,68,Dunkerton,22,0
09-16-2022,Dunlap Boyer Valley,0,Mondamin West Harrison-Whiting,35,0
09-16-2022,Durant,28,Wilton,8,0
09-16-2022,Dyersville Beckman,13,Cascade Western Dubuque,14,0
09-16-2022,Eagle Grove,6,Woodward-Granger,50,0
09-16-2022,Earlham,13,Madrid,42,0
09-16-2022,Leon Central Decatur,56,Eldon Cardinal,20,0
09-16-2022,Cedar Rapids Xavier,17,Eldridge North Scott,0,0
09-16-2022,Emmetsburg,28,Hawarden West Sioux,52,0
09-16-2022,Clarion-Goldfield-Dows,13,Estherville-Lincoln Central,27,0
09-16-2022,Exira-Elk Horn-Kimballton,30,Audubon,64,0
09-16-2022,Cresco Crestwood,36,Forest City,21,0
09-16-2022,Marshalltown,23,Fort Dodge,37,0
09-16-2022,Fort Dodge St Edmond,34,Harris-Lake Park,63,0
09-16-2022,Garner-Hayfield-Ventura,0,New Hampton,35,0
09-16-2022,Creston-Orient-Macksburg,40,Gilbert,36,0
09-16-2022,Glenwood,14,Harlan,49,0
09-16-2022,Gowrie Southeast Valley,8,Ida Grove O-A-BC-IG,28,0
09-16-2022,Conrad BCLUW,23,Greene North Butler,12,0
09-16-2022,Truro Interstate-35,35,Greenfield Nodaway Valley,0,0
09-16-2022,Alleman North Polk,42,Grinnell,7,0
09-16-2022,Griswold,6,Stanton-Essex,54,0
09-16-2022,Guttenberg Clayton Ridge,0,Troy Mills North Linn,63,0
09-16-2022,Hampton-Dumont-CAL,23,Nevada,24,0
09-16-2022,LeMars Gehlen,28,Hinton,26,0
09-16-2022,Grundy Center,47,Hudson,0,0
09-16-2022,Holstein Ridge View,7,Hull Western Christian,42,0
09-16-2022,Huxley Ballard,12,Atlantic,15,0
09-16-2022,Indianola,16,Council Bluffs Lewis Central,34,0
09-16-2022,Inwood West Lyon,17,Rock Rapids Central Lyon-George-Little Rock,38,0
09-16-2022,Iowa City High,0,West Des Moines Dowling,34,0
09-16-2022,Iowa City Regina,7,Mediapolis,17,0
09-16-2022,Lansing Kee,48,Janesville,34,0
09-16-2022,Jesup,20,Oelwein,36,0
09-16-2022,Johnston,7,Waukee Northwest,21,0
09-16-2022,Pella Christian,45,Keosauqua Van Buren,0,0
09-16-2022,Kingsley-Pierson,0,Remsen St Mary,49,0
09-16-2022,Fairfield,29,Knoxville,28,0
09-16-2022,Lake Mills,20,Swea City North Union,44,0
09-16-2022,Underwood,55,Lake View East Sac,0,0
09-16-2022,Lamoni,0,Martensdale-St Marys,50,0
09-16-2022,Dubuque Wahlert,42,LaPorte City Union,7,0
09-16-2022,Sloan Westwood,29,Lawton-Bronson,23,0
09-16-2022,LeGrand East Marshall,21,Manly Central Springs,36,0
09-16-2022,West Branch,86,Letts Louisa-Muscatine,0,0
09-16-2022,Lisbon,20,Columbus Junction,49,0
09-16-2022,Waverly-Shell Rock,42,Manchester West Delaware,7,0
09-16-2022,Manson Northwest Webster,13,Lake City South Central Calhoun,51,0
09-16-2022,Marcus-Meriden-Cleghorn-Remsen-Union,34,Hartley-Melvin-Sanborn,66,0
09-16-2022,Wayland WACO,54,Marengo Iowa Valley,26,0
09-16-2022,Mason City,14,Webster City,49,0
09-16-2022,Maynard West Central,32,Clarksville,68,0
09-16-2022,Melcher-Dallas,14,Montezuma,59,0
09-16-2022,Milford Okoboji,0,Sheldon,18,0
09-16-2022,Missouri Valley,6,Manning IKM-Manning,56,0
09-16-2022,MOC-Floyd Valley,22,LeMars,24,0
09-16-2022,Monticello,61,Tipton,14,0
09-16-2022,West Burlington-Notre Dame,30,Mount Pleasant,20,0
09-16-2022,Murray,36,Garden Grove Mormon Trail,40,0
09-16-2022,Neola Tri-Center,26,Logan-Magnolia,29,0
09-16-2022,North English English Valleys,12,New London,58,0
09-16-2022,Northwood-Kensett,6,West Bend-Mallard,57,0
09-16-2022,New Sharon North Mahaska,0,Ogden,49,0
09-16-2022,Onawa West Monona,0,Treynor,48,0
09-16-2022,Osceola Clarke,7,Clarinda,28,0
09-16-2022,Keokuk,14,Oskaloosa,7,0
09-16-2022,Burlington,42,Ottumwa,7,0
09-16-2022,Packwood Pekin,6,Wapello,21,0
09-16-2022,Van Meter,69,Panora Panorama,3,0
09-16-2022,Bondurant-Farrar,35,Pella,14,0
09-16-2022,Ankeny,31,Pleasant Hill Southeast Polk,14,0
09-16-2022,Muscatine,9,Pleasant Valley,49,0
09-16-2022,Spirit Lake,47,Pocahontas Area,6,0
09-16-2022,Sumner-Fredericksburg,66,Postville,0,0
09-16-2022,Iowa Falls-Alden,0,Prairie City-Monroe,42,0
09-16-2022,Shenandoah,0,Red Oak,47,0
09-16-2022,Jackson Junction Turkey Valley,62,Riceville,14,0
09-16-2022,Riverside Highland,19,Stanwood North Cedar,36,0
09-16-2022,Saint Ansgar,43,Mason City Newman,45,0
09-16-2022,Saydel,0,Newton,44,0
09-16-2022,Sergeant Bluff-Luton,14,Sioux City East,42,0
09-16-2022,Liberty Center Southeast Warren,63,Seymour-Moulton-Udell,0,0
09-16-2022,Britt West Hancock,59,Sheffield West Fork,0,0
09-16-2022,Sibley-Ocheyedan,7,Sioux Rapids Sioux Central,20,0
09-16-2022,Oakland Riverside,47,Sidney,16,0
09-16-2022,Sigourney-Keota,35,Pleasantville,13,0
09-16-2022,Spencer,29,Sioux Center,7,0
09-16-2022,Sioux City North,22,Sioux City Heelan,14,0
09-16-2022,Sioux City Siouxland Christian,6,Glidden-Ralston,44,0
09-16-2022,Sioux City West,0,Council Bluffs Lincoln,36,0
09-16-2022,Springville,0,Preston Easton Valley,66,0
09-16-2022,Chariton,7,State Center West Marshall,28,0
09-16-2022,Stuart West Central Valley,26,Guthrie Center-Adair-Casey,28,0
09-16-2022,Tama South Tama,0,Van Horne Benton,48,0
09-16-2022,Thornburg Tri-County,16,Lone Tree,65,0
09-16-2022,Iowa City Liberty,55,Tiffin Clear Creek-Amana,7,0
09-16-2022,Traer North Tama,12,Nashua-Plainfield,32,0
09-16-2022,Tripoli,48,Gladbrook-Reinbeck,54,0
09-16-2022,Winfield-Mount Union,52,Victor HLV,12,0
09-16-2022,Vinton-Shellsburg,7,Independence,14,0
09-16-2022,Washington,7,Fort Madison,37,0
09-16-2022,Waterloo Columbus,7,Monona MFL-MarMac,27,0
09-16-2022,Waterloo East,6,Des Moines North,18,0
09-16-2022,Dubuque Senior,34,Waterloo West,0,0
09-16-2022,West Des Moines Valley,24,Waukee,6,0
09-16-2022,Wellman Mid-Prairie,56,Eddyville-Blakesburg-Fremont,0,0
09-16-2022,Correctionville River Valley,38,Westside Ar-We-Va,51,0
09-16-2022,Waukon,45,West Union North Fayette Valley,23,0
09-16-2022,Winterset,14,Adel ADM,42,0
09-16-2022,Coon Rapids-Bayard,59,Woodbine,36,0
09-16-2022,Brooklyn BGM,88,Woodward Academy,0,0
09-16-2022,Central City,44,Wyoming Midland,20,0
09-22-2022,Dubuque Hempstead,7,Davenport West,14,0
09-22-2022,Waukee Northwest,56,Sioux City West,0,0
09-23-2022,Adel ADM,56,Atlantic,27,0
09-23-2022,Afton East Union,47,Griswold,12,0
09-23-2022,Alburnett,55,Riverside Highland,14,0
09-23-2022,Algona,28,Alleman North Polk,55,0
09-23-2022,Ames,57,Sioux City North,28,0
09-23-2022,Audubon,8,Anita CAM,42,0
09-23-2022,Ankeny,35,Des Moines Roosevelt,18,0
09-23-2022,Sioux City East,28,Ankeny Centennial,31,0
09-23-2022,Aplington-Parkersburg,28,Eldora South Hardin,12,0
09-23-2022,Arlington Starmont,40,Guttenberg Clayton Ridge,0,0
09-23-2022,Avoca AHSTW,39,Oakland Riverside,19,0
09-23-2022,Baxter,46,Brooklyn BGM,44,0
09-23-2022,Exira-Elk Horn-Kimballton,26,Bedford,30,0
09-23-2022,Belle Plaine,36,New Sharon North Mahaska,8,0
09-23-2022,Bellevue,48,Stanwood North Cedar,0,0
09-23-2022,Davenport Central,0,Bettendorf,48,0
09-23-2022,Eddyville-Blakesburg-Fremont,31,Bloomfield Davis County,34,0
09-23-2022,Swea City North Union,27,Britt West Hancock,60,0
09-23-2022,Clinton,30,Burlington,42,0
09-23-2022,Anamosa,21,Camanche,25,0
09-23-2022,Bondurant-Farrar,20,Carlisle,36,0
09-23-2022,Boyden-Hull-Rock Valley,0,Carroll,35,0
09-23-2022,Carroll Kuemper,57,Onawa West Monona,6,0
09-23-2022,Muscatine,0,Cedar Falls,35,0
09-23-2022,Cedar Rapids Kennedy,38,Dubuque Senior,0,0
09-23-2022,Ottumwa,14,Cedar Rapids Prairie,49,0
09-23-2022,Cedar Rapids Xavier,38,Cedar Rapids Washington,0,0
09-23-2022,Pocahontas Area,8,Clarion-Goldfield-Dows,17,0
09-23-2022,Clear Lake,48,Garner-Hayfield-Ventura,8,0
09-23-2022,Colo-NESCO,58,Collins-Maxwell,44,0
09-23-2022,Columbus Junction,53,Packwood Pekin,28,0
09-23-2022,Corning Southwest Valley,43,Corydon Wayne,0,0
09-23-2022,Council Bluffs Jefferson,0,Council Bluffs Lewis Central,63,0
09-23-2022,Knoxville,0,Creston-Orient-Macksburg,39,0
09-23-2022,Davenport Assumption,31,DeWitt Central Clinton,10,0
09-23-2022,Manly Central Springs,0,Denver,56,0
09-23-2022,Red Oak,13,Des Moines Christian,19,0
09-23-2022,Woodward Academy,34,Des Moines Grand View Christian,73,0
09-23-2022,Des Moines North,36,Des Moines Lincoln,17,0
09-23-2022,Dike-New Hartford,62,LeGrand East Marshall,0,0
09-23-2022,West Union North Fayette Valley,14,Dubuque Wahlert,48,0
09-23-2022,Letts Louisa-Muscatine,0,Durant,56,0
09-23-2022,Postville,0,Dyersville Beckman,89,0
09-23-2022,Council Bluffs St Albert,0,Earlham,38,0
09-23-2022,Edgewood-Colesburg,50,Maynard West Central,32,0
09-23-2022,Emmetsburg,42,Sibley-Ocheyedan,0,0
09-23-2022,Marion,7,Epworth Western Dubuque,42,0
09-23-2022,Estherville-Lincoln Central,7,Gowrie Southeast Valley,0,0
09-23-2022,Hudson,0,Fairbank Wapsie Valley,33,0
09-23-2022,Fairfield,16,Keokuk,15,0
09-23-2022,Mount Pleasant,0,Fort Madison,46,0
09-23-2022,Garden Grove Mormon Trail,48,Lamoni,0,0
09-23-2022,Dunkerton,12,Gilbertville Don Bosco,57,0
09-23-2022,Garwin GMG,8,Gladbrook-Reinbeck,76,0
09-23-2022,Des Moines Hoover,7,Glenwood,49,0
09-23-2022,Glidden-Ralston,46,Correctionville River Valley,14,0
09-23-2022,Tipton,26,Goose Lake Northeast,28,0
09-23-2022,Grinnell,28,Washington,21,0
09-23-2022,Ackley AGWSR,0,Grundy Center,35,0
09-23-2022,Greenfield Nodaway Valley,0,Guthrie Center-Adair-Casey,51,0
09-23-2022,Hampton-Dumont-CAL,33,Charles City,0,0
09-23-2022,Harlan,62,Saydel,6,0
09-23-2022,Harris-Lake Park,38,Algona Garrigan,14,0
09-23-2022,Hartley-Melvin-Sanborn,51,Alta-Aurelia,16,0
09-23-2022,Hawarden West Sioux,49,Hull Western Christian,22,0
09-23-2022,Sloan Westwood,6,Hinton,32,0
09-23-2022,Sioux Rapids Sioux Central,15,Holstein Ridge View,29,0
09-23-2022,Humboldt,26,Huxley Ballard,14,0
09-23-2022,Tama South Tama,6,Independence,56,0
09-23-2022,Indianola,49,Perry,0,0
09-23-2022,Sheldon,3,Inwood West Lyon,29,0
09-23-2022,Iowa City High,49,Iowa City West,0,0
09-23-2022,Eldridge North Scott,16,Iowa City Liberty,20,0
09-23-2022,Wilton,13,Iowa City Regina,37,0
09-23-2022,Janesville,8,Jackson Junction Turkey Valley,61,0
09-23-2022,Clarinda,12,Jefferson Greene County,43,0
09-23-2022,Woodward-Granger,14,Jewell South Hamilton,38,0
09-23-2022,Waukee,6,Johnston,10,0
09-23-2022,Eldon Cardinal,16,Keosauqua Van Buren,22,0
09-23-2022,Lake City South Central Calhoun,49,Eagle Grove,14,0
09-23-2022,Sheffield West Fork,13,Lake Mills,54,0
09-23-2022,LaPorte City Union,54,Jesup,19,0
09-23-2022,LeMars,49,Storm Lake,10,0
09-23-2022,Akron-Westfield,26,LeMars Gehlen,48,0
09-23-2022,Stanton-Essex,20,Lenox,70,0
09-23-2022,Leon Central Decatur,27,Pleasantville,0,0
09-23-2022,Montezuma,20,Liberty Center Southeast Warren,52,0
09-23-2022,Wapello,6,Lisbon,46,0
09-23-2022,Logan-Magnolia,41,Missouri Valley,8,0
09-23-2022,Lynnville-Sully,36,Madrid,14,0
09-23-2022,Center Point-Urbana,7,Manchester West Delaware,35,0
09-23-2022,Belmond-Klemme,6,Manson Northwest Webster,42,0
09-23-2022,Marengo Iowa Valley,48,North English English Valleys,26,0
09-23-2022,Cedar Rapids Jefferson,6,Marion Linn-Mar,55,0
09-23-2022,Martensdale-St Marys,44,Murray,14,0
09-23-2022,Decorah,7,Mason City,13,0
09-23-2022,Mason City Newman,49,Greene North Butler,15,0
09-23-2022,Bussey Twin Cedars,6,Melcher-Dallas,44,0
09-23-2022,Mondamin West Harrison-Whiting,35,Coon Rapids-Bayard,18,0
09-23-2022,Monona MFL-MarMac,19,Sumner-Fredericksburg,6,0
09-23-2022,West Liberty,0,Monticello,42,0
09-23-2022,Seymour-Moulton-Udell,6,Moravia,84,0
09-23-2022,Sidney,6,Mount Ayr,56,0
09-23-2022,Van Horne Benton,0,Mount Vernon,47,0
09-23-2022,Lawton-Bronson,0,Moville Woodbury Central,42,0
09-23-2022,Nashua-Plainfield,20,Conrad BCLUW,6,0
09-23-2022,Manning IKM-Manning,0,Neola Tri-Center,44,0
09-23-2022,Nevada,25,Gilbert,22,0
09-23-2022,Newell-Fonda,48,Kingsley-Pierson,28,0
09-23-2022,New Hampton,24,Cresco Crestwood,14,0
09-23-2022,Newton,21,Pella,14,0
09-23-2022,Buffalo Center North Iowa,24,Northwood-Kensett,28,0
09-23-2022,Boone,20,Norwalk,53,0
09-23-2022,Ogden,56,Colfax-Mingo,20,0
09-23-2022,Orange City Unity Christian,42,Milford Okoboji,6,0
09-23-2022,Forest City,0,Osage,42,0
09-23-2022,Osceola Clarke,94,Shenandoah,0,0
09-23-2022,Truro Interstate-35,47,Panora Panorama,0,0
09-23-2022,Paullina South O'Brien,28,Marcus-Meriden-Cleghorn-Remsen-Union,7,0
09-23-2022,Pleasant Hill Southeast Polk,56,Waterloo West,0,0
09-23-2022,Pleasant Valley,49,Davenport North,12,0
09-23-2022,Prairie City-Monroe,16,Albia,7,0
09-23-2022,Preston Easton Valley,49,Central City,6,0
09-23-2022,Fort Dodge St Edmond,0,Remsen St Mary,63,0
09-23-2022,Riceville,50,Lansing Kee,44,0
09-23-2022,Rock Rapids Central Lyon-George-Little Rock,43,Cherokee Washington,8,0
09-23-2022,West Bend-Mallard,24,Ruthven Graettinger-Terril-Ruthven-Ayrshire,38,0
09-23-2022,Traer North Tama,0,Saint Ansgar,42,0
09-23-2022,Sergeant Bluff-Luton,28,Sioux Center,6,0
09-23-2022,Pella Christian,13,Sigourney-Keota,15,0
09-23-2022,Sioux City Heelan,7,MOC-Floyd Valley,6,0
09-23-2022,Solon,36,West Burlington-Notre Dame,0,0
09-23-2022,Denison-Schleswig,14,Spencer,28,0
09-23-2022,Ida Grove O-A-BC-IG,13,Spirit Lake,28,0
09-23-2022,State Center West Marshall,42,Iowa Falls-Alden,14,0
09-23-2022,Story City Roland-Story,24,Chariton,14,0
09-23-2022,Malvern East Mills,25,Tabor Fremont-Mills,44,0
09-23-2022,Tiffin Clear Creek-Amana,28,Oskaloosa,14,0
09-23-2022,Lake View East Sac,0,Treynor,55,0
09-23-2022,Clarksville,42,Tripoli,58,0
09-23-2022,Troy Mills North Linn,42,Calmar South Winneshiek,7,0
09-23-2022,Mapleton MV-A-O-CO-U,12,Underwood,68,0
09-23-2022,Urbandale,48,Des Moines East,0,0
09-23-2022,Stuart West Central Valley,0,Van Meter,48,0
09-23-2022,Victor HLV,46,Thornburg Tri-County,28,0
09-23-2022,Maquoketa,0,Vinton-Shellsburg,41,0
09-23-2022,Cascade Western Dubuque,14,Waterloo Columbus,42,0
09-23-2022,Oelwein,0,Waukon,49,0
09-23-2022,Waterloo East,0,Waverly-Shell Rock,56,0
09-23-2022,New London,14,Wayland WACO,43,0
09-23-2022,Webster City,62,Fort Dodge,23,0
09-23-2022,Donnellson Central Lee,0,Wellman Mid-Prairie,51,0
09-23-2022,Mediapolis,13,West Branch,35,0
09-23-2022,West Des Moines Dowling,52,Council Bluffs Lincoln,0,0
09-23-2022,Marshalltown,14,West Des Moines Valley,35,0
09-23-2022,Westside Ar-We-Va,44,Sioux City Siouxland Christian,20,0
09-23-2022,Centerville,7,Williamsburg,55,0
09-23-2022,Lone Tree,14,Winfield-Mount Union,54,0
09-23-2022,Dallas Center-Grimes,7,Winterset,9,0
09-23-2022,Delhi Maquoketa Valley,12,Winthrop East Buchanan,48,0
09-23-2022,Woodbine,32,Dunlap Boyer Valley,21,0
09-23-2022,Wyoming Midland,78,Springville,0,0
09-29-2022,Manson Northwest Webster,14,Eagle Grove,48,0
09-29-2022,Gladbrook-Reinbeck,78,Northwood-Kensett,0,0
09-30-2022,Creston-Orient-Macksburg,7,Adel ADM,38,0
09-30-2022,Stanwood North Cedar,0,Alburnett,44,0
09-30-2022,Gilbert,25,Algona,28,1
09-30-2022,Alta-Aurelia,23,Marcus-Meriden-Cleghorn-Remsen-Union,20,0
09-30-2022,Council Bluffs Lincoln,13,Ames,42,0
09-30-2022,Anamosa,35,Tipton,13,0
09-30-2022,Anita CAM,60,Exira-Elk Horn-Kimballton,18,0
09-30-2022,West Des Moines Valley,24,Ankeny,34,0
09-30-2022,Ankeny Centennial,28,Urbandale,23,0
09-30-2022,Coon Rapids-Bayard,30,Audubon,66,0
09-30-2022,Sidney,8,Avoca AHSTW,69,0
09-30-2022,Collins-Maxwell,16,Baxter,63,0
09-30-2022,Perry,0,Bondurant-Farrar,70,0
09-30-2022,Britt West Hancock,31,Hartley-Melvin-Sanborn,18,0
09-30-2022,Brooklyn BGM,79,Des Moines Grand View Christian,14,0
09-30-2022,Carlisle,42,Boone,0,0
09-30-2022,Lake View East Sac,0,Carroll Kuemper,63,0
09-30-2022,Cascade Western Dubuque,33,Sumner-Fredericksburg,14,0
09-30-2022,Cedar Rapids Kennedy,16,Cedar Falls,23,0
09-30-2022,Waterloo West,14,Cedar Rapids Prairie,45,0
09-30-2022,Cedar Rapids Washington,27,Tiffin Clear Creek-Amana,24,0
09-30-2022,Pella,0,Cedar Rapids Xavier,47,0
09-30-2022,Charles City,0,Center Point-Urbana,27,0
09-30-2022,Centerville,56,Eddyville-Blakesburg-Fremont,27,0
09-30-2022,Central City,65,Springville,13,0
09-30-2022,Albia,13,Chariton,29,0
09-30-2022,Shenandoah,0,Clarinda,1,0
09-30-2022,Clarion-Goldfield-Dows,24,Gowrie Southeast Valley,8,0
09-30-2022,Clear Lake,35,Forest City,12,0
09-30-2022,Dunkerton,48,Colo-NESCO,82,0
09-30-2022,New Sharon North Mahaska,14,Columbus Junction,71,0
09-30-2022,Conrad BCLUW,26,Traer North Tama,20,0
09-30-2022,Earlham,0,Corning Southwest Valley,21,0
09-30-2022,Council Bluffs Lewis Central,63,Des Moines Hoover,14,0
09-30-2022,Garner-Hayfield-Ventura,7,Cresco Crestwood,44,0
09-30-2022,Dallas Center-Grimes,48,Council Bluffs Jefferson,0,0
09-30-2022,Davenport West,28,Dubuque Senior,10,0
09-30-2022,Guttenberg Clayton Ridge,0,Delhi Maquoketa Valley,42,0
09-30-2022,Denison-Schleswig,42,Storm Lake,7,0
09-30-2022,LeGrand East Marshall,6,Denver,56,0
09-30-2022,Des Moines Christian,41,Osceola Clarke,14,0
09-30-2022,Des Moines Roosevelt,40,Des Moines North,36,0
09-30-2022,DeWitt Central Clinton,42,Maquoketa,21,0
09-30-2022,Dike-New Hartford,27,Aplington-Parkersburg,20,0
09-30-2022,Donnellson Central Lee,33,Bloomfield Davis County,12,0
09-30-2022,Dunlap Boyer Valley,54,Westside Ar-We-Va,7,0
09-30-2022,Edgewood-Colesburg,58,Lansing Kee,16,0
09-30-2022,Manly Central Springs,21,Eldora South Hardin,46,0
09-30-2022,Burlington,7,Eldridge North Scott,46,0
09-30-2022,Sioux Rapids Sioux Central,0,Emmetsburg,41,0
09-30-2022,Epworth Western Dubuque,38,Decorah,22,0
09-30-2022,Fairbank Wapsie Valley,48,Calmar South Winneshiek,24,0
09-30-2022,West Burlington-Notre Dame,7,Fairfield,53,0
09-30-2022,Algona Garrigan,40,Fort Dodge St Edmond,45,0
09-30-2022,Fort Madison,14,Clinton,13,0
09-30-2022,Gilbertville Don Bosco,85,Garwin GMG,8,0
09-30-2022,Winterset,7,Glenwood,30,0
09-30-2022,West Liberty,30,Goose Lake Northeast,48,0
09-30-2022,Keokuk,6,Grinnell,12,0
09-30-2022,Grundy Center,35,Nashua-Plainfield,8,0
09-30-2022,Guthrie Center-Adair-Casey,23,Truro Interstate-35,20,0
09-30-2022,Atlantic,7,Harlan,54,0
09-30-2022,Ruthven Graettinger-Terril-Ruthven-Ayrshire,40,Harris-Lake Park,42,0
09-30-2022,Hawarden West Sioux,35,Holstein Ridge View,0,0
09-30-2022,Hinton,22,Akron-Westfield,7,0
09-30-2022,Ackley AGWSR,0,Hudson,10,0
09-30-2022,Hull Western Christian,45,Sibley-Ocheyedan,0,0
09-30-2022,Alleman North Polk,14,Humboldt,24,0
09-30-2022,Pocahontas Area,0,Ida Grove O-A-BC-IG,62,0
09-30-2022,Independence,21,Hampton-Dumont-CAL,7,0
09-30-2022,Norwalk,33,Indianola,45,0
09-30-2022,Inwood West Lyon,49,Milford Okoboji,7,0
09-30-2022,Davenport North,0,Iowa City High,55,0
09-30-2022,Iowa City Liberty,68,Mount Pleasant,6,0
09-30-2022,Letts Louisa-Muscatine,0,Iowa City Regina,50,0
09-30-2022,Iowa City West,62,Davenport Central,7,0
09-30-2022,Jackson Junction Turkey Valley,44,Clarksville,32,0
09-30-2022,Jefferson Greene County,34,Red Oak,23,0
09-30-2022,Lake City South Central Calhoun,8,Jewell South Hamilton,62,0
09-30-2022,Kingsley-Pierson,70,Glidden-Ralston,28,0
09-30-2022,Saydel,6,Knoxville,42,0
09-30-2022,Lamoni,74,Seymour-Moulton-Udell,34,0
09-30-2022,Oelwein,24,LaPorte City Union,34,0
09-30-2022,LeMars Gehlen,28,Paullina South O'Brien,20,0
09-30-2022,Lenox,81,Griswold,14,0
09-30-2022,Keosauqua Van Buren,0,Leon Central Decatur,48,0
09-30-2022,Moravia,22,Liberty Center Southeast Warren,50,0
09-30-2022,Packwood Pekin,6,Lisbon,49,0
09-30-2022,Manning IKM-Manning,18,Logan-Magnolia,29,0
09-30-2022,Colfax-Mingo,0,Lynnville-Sully,58,0
09-30-2022,Madrid,61,Corydon Wayne,0,0
09-30-2022,Bedford,18,Malvern East Mills,24,0
09-30-2022,Manchester West Delaware,53,Tama South Tama,9,0
09-30-2022,Onawa West Monona,16,Mapleton MV-A-O-CO-U,24,0
09-30-2022,Des Moines Lincoln,13,Marshalltown,42,0
09-30-2022,Garden Grove Mormon Trail,44,Martensdale-St Marys,64,0
09-30-2022,Mason City,52,Waterloo East,14,0
09-30-2022,Lake Mills,28,Mason City Newman,55,0
09-30-2022,Mediapolis,42,Wilton,21,0
09-30-2022,Melcher-Dallas,74,Woodward Academy,48,0
09-30-2022,MOC-Floyd Valley,27,Sergeant Bluff-Luton,26,2
09-30-2022,Mondamin West Harrison-Whiting,49,Woodbine,0,0
09-30-2022,Postville,16,Monona MFL-MarMac,84,0
09-30-2022,Montezuma,82,Bussey Twin Cedars,12,0
09-30-2022,Camanche,12,Monticello,48,0
09-30-2022,Mount Ayr,43,Council Bluffs St Albert,3,0
09-30-2022,Mount Vernon,42,Davenport Assumption,17,0
09-30-2022,Moville Woodbury Central,40,Sloan Westwood,14,0
09-30-2022,Dubuque Hempstead,31,Muscatine,42,0
09-30-2022,Neola Tri-Center,34,Lawton-Bronson,19,0
09-30-2022,Huxley Ballard,12,Nevada,17,0
09-30-2022,Marengo Iowa Valley,40,New London,74,0
09-30-2022,Oskaloosa,10,Newton,56,0
09-30-2022,North English English Valleys,40,Victor HLV,34,0
09-30-2022,Missouri Valley,6,Oakland Riverside,46,0
09-30-2022,Ogden,53,Belle Plaine,26,0
09-30-2022,New Hampton,8,Osage,21,0
09-30-2022,Ottumwa,54,Cedar Rapids Jefferson,6,0
09-30-2022,Pleasantville,7,Pella Christian,54,0
09-30-2022,Pleasant Hill Southeast Polk,49,Marion Linn-Mar,27,0
09-30-2022,Bettendorf,14,Pleasant Valley,44,0
09-30-2022,Remsen St Mary,61,Newell-Fonda,13,0
09-30-2022,Janesville,36,Riceville,44,0
09-30-2022,Rock Rapids Central Lyon-George-Little Rock,39,Orange City Unity Christian,7,0
09-30-2022,Greene North Butler,0,Saint Ansgar,68,0
09-30-2022,Cherokee Washington,0,Sheldon,35,0
09-30-2022,Sigourney-Keota,56,Eldon Cardinal,3,0
09-30-2022,Sioux Center,21,Boyden-Hull-Rock Valley,14,0
09-30-2022,Carroll,6,Sioux City Heelan,9,0
09-30-2022,Sioux City Siouxland Christian,40,Correctionville River Valley,32,0
09-30-2022,Des Moines East,40,Sioux City West,45,0
09-30-2022,Washington,0,Solon,44,0
09-30-2022,Fort Dodge,14,Spencer,49,0
09-30-2022,Estherville-Lincoln Central,0,Spirit Lake,45,0
09-30-2022,Murray,42,Stanton-Essex,54,0
09-30-2022,Prairie City-Monroe,12,State Center West Marshall,13,0
09-30-2022,Story City Roland-Story,42,Iowa Falls-Alden,29,0
09-30-2022,Panora Panorama,14,Stuart West Central Valley,49,0
09-30-2022,Sheffield West Fork,0,Swea City North Union,17,0
09-30-2022,Tabor Fremont-Mills,74,Afton East Union,20,0
09-30-2022,Tripoli,62,Maynard West Central,24,0
09-30-2022,Arlington Starmont,0,Troy Mills North Linn,59,0
09-30-2022,Treynor,0,Underwood,54,0
09-30-2022,Vinton-Shellsburg,6,Van Horne Benton,14,0
09-30-2022,Van Meter,42,Greenfield Nodaway Valley,0,0
09-30-2022,Riverside Highland,30,Wapello,55,0
09-30-2022,Dyersville Beckman,13,Waterloo Columbus,41,0
09-30-2022,Sioux City North,14,Waukee,24,0
09-30-2022,Sioux City East,7,Waukee Northwest,17,0
09-30-2022,Waukon,28,Dubuque Wahlert,6,0
09-30-2022,Waverly-Shell Rock,42,Marion,7,0
09-30-2022,Wayland WACO,42,Lone Tree,17,0
09-30-2022,Webster City,28,LeMars,7,0
09-30-2022,West Bend-Mallard,83,Buffalo Center North Iowa,13,0
09-30-2022,West Branch,49,Durant,13,0
09-30-2022,Johnston,19,West Des Moines Dowling,42,0
09-30-2022,West Union North Fayette Valley,70,Jesup,21,0
09-30-2022,Williamsburg,56,Wellman Mid-Prairie,7,0
09-30-2022,Thornburg Tri-County,0,Winfield-Mount Union,60,0
09-30-2022,Winthrop East Buchanan,44,Bellevue,13,0
09-30-2022,Belmond-Klemme,0,Woodward-Granger,51,0
10-06-2022,Johnston,27,Sioux City North,6,0
10-07-2022,Wapello,7,Alburnett,52,0
10-07-2022,Huxley Ballard,13,Alleman North Polk,42,0
10-07-2022,Anita CAM,68,Coon Rapids-Bayard,14,0
10-07-2022,Ankeny,72,Des Moines North,0,0
10-07-2022,Aplington-Parkersburg,48,Manly Central Springs,7,0
10-07-2022,Atlantic,39,Knoxville,13,0
10-07-2022,Avoca AHSTW,40,Logan-Magnolia,0,0
10-07-2022,Stanton-Essex,6,Bedford,50,0
10-07-2022,Packwood Pekin,7,Belle Plaine,42,0
10-07-2022,Calmar South Winneshiek,28,Bellevue,42,0
10-07-2022,Iowa City West,6,Bettendorf,42,0
10-07-2022,Bondurant-Farrar,50,Boone,6,0
10-07-2022,Saint Ansgar,0,Britt West Hancock,32,0
10-07-2022,Colo-NESCO,38,Brooklyn BGM,82,0
10-07-2022,Buffalo Center North Iowa,60,Riceville,12,0
10-07-2022,Burlington,41,Mount Pleasant,33,0
10-07-2022,Woodward Academy,14,Bussey Twin Cedars,36,0
10-07-2022,Goose Lake Northeast,40,Camanche,41,0
10-07-2022,Carlisle,42,Indianola,21,0
10-07-2022,Carroll Kuemper,42,Treynor,7,0
10-07-2022,Cedar Falls,34,Dubuque Hempstead,7,0
10-07-2022,Davenport West,0,Cedar Rapids Kennedy,44,0
10-07-2022,Cedar Rapids Washington,21,Newton,0,0
10-07-2022,Cedar Rapids Xavier,49,Tiffin Clear Creek-Amana,0,0
10-07-2022,Center Point-Urbana,21,Tama South Tama,0,0
10-07-2022,Wellman Mid-Prairie,14,Centerville,30,0
10-07-2022,Central City,68,Maynard West Central,24,0
10-07-2022,Milford Okoboji,28,Cherokee Washington,34,0
10-07-2022,Des Moines Christian,43,Clarinda,58,0
10-07-2022,Clarksville,50,Janesville,0,0
10-07-2022,Columbus Junction,57,Stanwood North Cedar,0,0
10-07-2022,Oakland Riverside,21,Corning Southwest Valley,49,0
10-07-2022,Glenwood,22,Council Bluffs Lewis Central,58,0
10-07-2022,Council Bluffs St Albert,56,Sidney,23,0
10-07-2022,Cresco Crestwood,26,Clear Lake,7,0
10-07-2022,Creston-Orient-Macksburg,69,Saydel,0,0
10-07-2022,Des Moines Hoover,0,Dallas Center-Grimes,48,0
10-07-2022,Davenport North,39,Davenport Central,0,0
10-07-2022,Delhi Maquoketa Valley,38,Arlington Starmont,24,0
10-07-2022,LeMars,7,Denison-Schleswig,13,0
10-07-2022,Denver,30,Dike-New Hartford,20,0
10-07-2022,Des Moines Grand View Christian,57,Melcher-Dallas,20,0
10-07-2022,Vinton-Shellsburg,0,DeWitt Central Clinton,24,0
10-07-2022,Eddyville-Blakesburg-Fremont,7,Donnellson Central Lee,17,0
10-07-2022,Dubuque Senior,48,Muscatine,28,0
10-07-2022,Dubuque Wahlert,63,Oelwein,6,0
10-07-2022,Garwin GMG,36,Dunkerton,86,0
10-07-2022,Eagle Grove,60,Belmond-Klemme,8,0
10-07-2022,Eldora South Hardin,53,LeGrand East Marshall,20,0
10-07-2022,Clinton,7,Eldridge North Scott,55,0
10-07-2022,Holstein Ridge View,0,Emmetsburg,27,0
10-07-2022,Waterloo East,22,Epworth Western Dubuque,55,0
10-07-2022,Exira-Elk Horn-Kimballton,57,Dunlap Boyer Valley,7,0
10-07-2022,Traer North Tama,0,Fairbank Wapsie Valley,41,0
10-07-2022,Storm Lake,17,Fort Dodge,50,0
10-07-2022,Fort Dodge St Edmond,54,Northwood-Kensett,26,0
10-07-2022,Seymour-Moulton-Udell,14,Garden Grove Mormon Trail,56,0
10-07-2022,Gladbrook-Reinbeck,32,Gilbertville Don Bosco,35,0
10-07-2022,Gowrie Southeast Valley,36,Pocahontas Area,0,0
10-07-2022,Greene North Butler,19,Lake Mills,14,0
10-07-2022,West Burlington-Notre Dame,0,Grinnell,42,0
10-07-2022,Conrad BCLUW,8,Grundy Center,56,0
10-07-2022,Guthrie Center-Adair-Casey,48,Panora Panorama,6,0
10-07-2022,Adel ADM,7,Harlan,42,0
10-07-2022,Hartley-Melvin-Sanborn,55,Hinton,20,0
10-07-2022,Sibley-Ocheyedan,14,Hawarden West Sioux,65,0
10-07-2022,Hull Western Christian,42,Sioux Rapids Sioux Central,0,0
10-07-2022,Gilbert,6,Humboldt,31,0
10-07-2022,Ida Grove O-A-BC-IG,42,Estherville-Lincoln Central,19,0
10-07-2022,Charles City,7,Independence,47,0
10-07-2022,Inwood West Lyon,24,Orange City Unity Christian,6,0
10-07-2022,Fort Madison,0,Iowa City Liberty,49,0
10-07-2022,Iowa Falls-Alden,21,Albia,7,0
10-07-2022,Jackson Junction Turkey Valley,42,Tripoli,36,1
10-07-2022,Jefferson Greene County,1,Shenandoah,0,0
10-07-2022,Jewell South Hamilton,54,Manson Northwest Webster,12,0
10-07-2022,Correctionville River Valley,0,Kingsley-Pierson,63,0
10-07-2022,Mapleton MV-A-O-CO-U,14,Lake View East Sac,21,0
10-07-2022,Lawton-Bronson,20,Manning IKM-Manning,13,0
10-07-2022,Marcus-Meriden-Cleghorn-Remsen-Union,20,LeMars Gehlen,60,0
10-07-2022,Martensdale-St Marys,18,Lenox,66,0
10-07-2022,Liberty Center Southeast Warren,60,Murray,0,0
10-07-2022,Lisbon,48,Riverside Highland,8,0
10-07-2022,Lynnville-Sully,40,Ogden,7,0
10-07-2022,Madrid,67,Colfax-Mingo,6,0
10-07-2022,Afton East Union,6,Malvern East Mills,52,0
10-07-2022,Manchester West Delaware,39,Hampton-Dumont-CAL,16,0
10-07-2022,Victor HLV,14,Marengo Iowa Valley,56,0
10-07-2022,Decorah,13,Marion,14,0
10-07-2022,Marion Linn-Mar,35,Ottumwa,7,0
10-07-2022,Marshalltown,30,Des Moines Roosevelt,26,0
10-07-2022,Mason City Newman,47,Sheffield West Fork,6,0
10-07-2022,Durant,8,Mediapolis,28,0
10-07-2022,MOC-Floyd Valley,14,Carroll,0,0
10-07-2022,Audubon,26,Mondamin West Harrison-Whiting,35,0
10-07-2022,Monona MFL-MarMac,33,Cascade Western Dubuque,20,0
10-07-2022,Baxter,62,Montezuma,64,0
10-07-2022,Monticello,52,Anamosa,24,0
10-07-2022,Moravia,61,Lamoni,6,0
10-07-2022,Mount Ayr,34,Earlham,0,0
10-07-2022,Mount Vernon,49,Maquoketa,7,0
10-07-2022,Moville Woodbury Central,36,Neola Tri-Center,34,1
10-07-2022,Nashua-Plainfield,42,Ackley AGWSR,8,0
10-07-2022,Nevada,38,Algona,14,0
10-07-2022,Glidden-Ralston,6,Newell-Fonda,62,0
10-07-2022,Forest City,18,New Hampton,28,0
10-07-2022,Lone Tree,21,New London,58,0
10-07-2022,Corydon Wayne,22,New Sharon North Mahaska,28,0
10-07-2022,Thornburg Tri-County,8,North English English Valleys,58,0
10-07-2022,Perry,0,Norwalk,1,0
10-07-2022,Osage,33,Garner-Hayfield-Ventura,10,0
10-07-2022,Red Oak,6,Osceola Clarke,20,0
10-07-2022,Paullina South O'Brien,13,Akron-Westfield,12,0
10-07-2022,Pella,49,Oskaloosa,0,0
10-07-2022,Eldon Cardinal,0,Pella Christian,63,0
10-07-2022,Cedar Rapids Prairie,0,Pleasant Hill Southeast Polk,41,0
10-07-2022,Pleasant Valley,51,Iowa City High,21,0
10-07-2022,Keosauqua Van Buren,8,Pleasantville,49,0
10-07-2022,Chariton,7,Prairie City-Monroe,42,0
10-07-2022,Preston Easton Valley,62,Edgewood-Colesburg,20,0
10-07-2022,Westside Ar-We-Va,0,Remsen St Mary,75,0
10-07-2022,Sheldon,0,Rock Rapids Central Lyon-George-Little Rock,42,0
10-07-2022,Algona Garrigan,44,Ruthven Graettinger-Terril-Ruthven-Ayrshire,66,0
10-07-2022,Sergeant Bluff-Luton,34,Boyden-Hull-Rock Valley,12,0
10-07-2022,Leon Central Decatur,6,Sigourney-Keota,53,0
10-07-2022,Sioux Center,29,Sioux City Heelan,7,0
10-07-2022,Des Moines East,16,Sioux City East,65,0
10-07-2022,Sloan Westwood,48,Missouri Valley,16,0
10-07-2022,Solon,45,Fairfield,25,0
10-07-2022,Spencer,49,Webster City,40,0
10-07-2022,Spirit Lake,56,Clarion-Goldfield-Dows,21,0
10-07-2022,State Center West Marshall,41,Story City Roland-Story,7,0
10-07-2022,Greenfield Nodaway Valley,0,Stuart West Central Valley,58,0
10-07-2022,Sumner-Fredericksburg,38,Dyersville Beckman,7,0
10-07-2022,Swea City North Union,35,Alta-Aurelia,27,0
10-07-2022,Griswold,0,Tabor Fremont-Mills,54,0
10-07-2022,Troy Mills North Linn,35,Hudson,0,0
10-07-2022,Underwood,56,Onawa West Monona,0,0
10-07-2022,Sioux City West,6,Urbandale,62,0
10-07-2022,Van Horne Benton,28,Davenport Assumption,14,0
10-07-2022,Truro Interstate-35,7,Van Meter,63,0
10-07-2022,Washington,28,Keokuk,27,0
10-07-2022,Waterloo Columbus,55,Postville,0,0
10-07-2022,Cedar Rapids Jefferson,3,Waterloo West,42,0
10-07-2022,Waukee,58,Council Bluffs Lincoln,14,0
10-07-2022,Waukee Northwest,20,Ankeny Centennial,14,0
10-07-2022,Jesup,8,Waukon,50,0
10-07-2022,Waverly-Shell Rock,52,Mason City,10,0
10-07-2022,Winfield-Mount Union,0,Wayland WACO,43,0
10-07-2022,Harris-Lake Park,6,West Bend-Mallard,48,0
10-07-2022,Iowa City Regina,0,West Branch,23,0
10-07-2022,West Des Moines Dowling,51,Ames,7,0
10-07-2022,Des Moines Lincoln,0,West Des Moines Valley,54,0
10-07-2022,Tipton,6,West Liberty,16,0
10-07-2022,LaPorte City Union,7,West Union North Fayette Valley,48,0
10-07-2022,Bloomfield Davis County,8,Williamsburg,77,0
10-07-2022,Wilton,68,Letts Louisa-Muscatine,0,0
10-07-2022,Council Bluffs Jefferson,0,Winterset,55,0
10-07-2022,Guttenberg Clayton Ridge,0,Winthrop East Buchanan,71,0
10-07-2022,Woodbine,68,Sioux City Siouxland Christian,16,0
10-07-2022,Woodward-Granger,49,Lake City South Central Calhoun,20,0
10-07-2022,Wyoming Midland,64,Lansing Kee,0,0
10-13-2022,Marshalltown,48,Cedar Rapids Jefferson,0,0
10-13-2022,Muscatine,41,Davenport North,13,0
10-13-2022,Des Moines Roosevelt,28,Sioux City East,60,0
10-14-2022,Ackley AGWSR,28,Sheffield West Fork,6,0
10-14-2022,Knoxville,3,Adel ADM,56,0
10-14-2022,Alburnett,32,Columbus Junction,31,0
10-14-2022,Northwood-Kensett,0,Algona Garrigan,63,0
10-14-2022,Alleman North Polk,28,Gilbert,0,0
10-14-2022,Ames,60,Des Moines Lincoln,13,0
10-14-2022,Dunlap Boyer Valley,20,Anita CAM,58,0
10-14-2022,Waukee Northwest,7,Ankeny,31,0
10-14-2022,LeGrand East Marshall,0,Aplington-Parkersburg,50,0
10-14-2022,Saydel,6,Atlantic,55,0
10-14-2022,Woodbine,48,Audubon,56,0
10-14-2022,Avoca AHSTW,52,Council Bluffs St Albert,10,0
10-14-2022,Bussey Twin Cedars,6,Baxter,82,0
10-14-2022,Bedford,60,Afton East Union,14,0
10-14-2022,Bellevue,20,Guttenberg Clayton Ridge,14,0
10-14-2022,Indianola,14,Bondurant-Farrar,28,0
10-14-2022,Britt West Hancock,52,Greene North Butler,0,0
10-14-2022,Melcher-Dallas,0,Brooklyn BGM,73,0
10-14-2022,Camanche,31,Tipton,13,0
10-14-2022,Norwalk,28,Carlisle,49,0
10-14-2022,Cascade Western Dubuque,49,Postville,14,0
10-14-2022,Bettendorf,7,Cedar Falls,10,0
10-14-2022,Cedar Rapids Prairie,49,Iowa City West,28,0
10-14-2022,Oskaloosa,6,Cedar Rapids Washington,21,0
10-14-2022,Newton,3,Cedar Rapids Xavier,42,0
10-14-2022,Donnellson Central Lee,7,Centerville,44,0
10-14-2022,Hiawatha IL,26,Central City,44,0
10-14-2022,Tama South Tama,6,Charles City,19,0
10-14-2022,Clarinda,52,Red Oak,7,0
10-14-2022,Riceville,14,Clarksville,94,0
10-14-2022,New Hampton,28,Clear Lake,35,0
10-14-2022,Mount Pleasant,26,Clinton,49,0
10-14-2022,Colfax-Mingo,33,Corydon Wayne,22,0
10-14-2022,Colo-NESCO,78,Garwin GMG,22,0
10-14-2022,Council Bluffs Lewis Central,41,Dallas Center-Grimes,0,0
10-14-2022,Council Bluffs Lincoln,10,Des Moines East,6,0
10-14-2022,Davenport Assumption,12,Vinton-Shellsburg,7,0
10-14-2022,Decorah,45,Waterloo East,6,0
10-14-2022,Eldora South Hardin,26,Denver,43,0
10-14-2022,Manly Central Springs,34,Dike-New Hartford,67,0
10-14-2022,Waterloo West,13,Dubuque Hempstead,27,0
10-14-2022,Jesup,6,Dubuque Wahlert,71,0
10-14-2022,Earlham,42,Oakland Riverside,14,0
10-14-2022,Edgewood-Colesburg,36,Wyoming Midland,30,0
10-14-2022,Eldridge North Scott,49,Fort Madison,14,0
10-14-2022,Coon Rapids-Bayard,14,Exira-Elk Horn-Kimballton,51,0
10-14-2022,Fairbank Wapsie Valley,52,Conrad BCLUW,6,0
10-14-2022,Garner-Hayfield-Ventura,0,Forest City,36,0
10-14-2022,Fort Dodge,28,Denison-Schleswig,7,0
10-14-2022,Garden Grove Mormon Trail,42,Des Moines Grand View Christian,21,0
10-14-2022,Collins-Maxwell,14,Gladbrook-Reinbeck,68,0
10-14-2022,Glenwood,69,Council Bluffs Jefferson,7,0
10-14-2022,Grundy Center,42,Traer North Tama,0,0
10-14-2022,Hampton-Dumont-CAL,28,Center Point-Urbana,27,1
10-14-2022,Harlan,56,Creston-Orient-Macksburg,12,0
10-14-2022,Buffalo Center North Iowa,6,Harris-Lake Park,68,0
10-14-2022,Akron-Westfield,8,Hartley-Melvin-Sanborn,41,0
10-14-2022,Sioux Rapids Sioux Central,0,Hawarden West Sioux,68,0
10-14-2022,Hinton,26,Paullina South O'Brien,6,0
10-14-2022,Sibley-Ocheyedan,7,Holstein Ridge View,28,0
10-14-2022,Hudson,20,Nashua-Plainfield,14,0
10-14-2022,Emmetsburg,10,Hull Western Christian,43,0
10-14-2022,Algona,19,Huxley Ballard,35,0
10-14-2022,Clarion-Goldfield-Dows,14,Ida Grove O-A-BC-IG,30,0
10-14-2022,Independence,21,Manchester West Delaware,20,0
10-14-2022,Cherokee Washington,12,Inwood West Lyon,42,0
10-14-2022,Iowa City High,55,Davenport West,6,0
10-14-2022,Iowa City Liberty,29,Burlington,28,0
10-14-2022,Iowa City Regina,26,Durant,12,0
10-14-2022,Iowa Falls-Alden,28,Chariton,7,0
10-14-2022,Maynard West Central,32,Jackson Junction Turkey Valley,73,0
10-14-2022,Janesville,70,Dunkerton,26,0
10-14-2022,Osceola Clarke,8,Jefferson Greene County,54,0
10-14-2022,Jewell South Hamilton,60,Eagle Grove,14,0
10-14-2022,Cedar Rapids Kennedy,7,Johnston,28,0
10-14-2022,Kingsley-Pierson,75,Sioux City Siouxland Christian,34,0
10-14-2022,Lake City South Central Calhoun,56,Belmond-Klemme,12,0
10-14-2022,Onawa West Monona,16,Lake View East Sac,21,0
10-14-2022,Spencer,28,LeMars,38,0
10-14-2022,LeMars Gehlen,44,Alta-Aurelia,14,0
10-14-2022,Tabor Fremont-Mills,2,Lenox,28,0
10-14-2022,Lamoni,24,Liberty Center Southeast Warren,67,0
10-14-2022,Arlington Starmont,12,Lisbon,34,0
10-14-2022,Logan-Magnolia,48,Lawton-Bronson,13,0
10-14-2022,Belle Plaine,14,Lynnville-Sully,48,0
10-14-2022,New Sharon North Mahaska,8,Madrid,49,0
10-14-2022,Malvern East Mills,69,Stanton-Essex,8,0
10-14-2022,Sidney,6,Marcus-Meriden-Cleghorn-Remsen-Union,49,0
10-14-2022,Marengo Iowa Valley,36,Lone Tree,22,0
10-14-2022,Marion,28,Mason City,7,0
10-14-2022,Davenport Central,0,Marion Linn-Mar,72,0
10-14-2022,Martensdale-St Marys,62,Seymour-Moulton-Udell,42,0
10-14-2022,Swea City North Union,27,Mason City Newman,49,0
10-14-2022,Letts Louisa-Muscatine,7,Mediapolis,55,0
10-14-2022,Boyden-Hull-Rock Valley,0,MOC-Floyd Valley,28,0
10-14-2022,Mondamin West Harrison-Whiting,52,Griswold,16,0
10-14-2022,Dyersville Beckman,0,Monona MFL-MarMac,61,0
10-14-2022,Montezuma,78,Woodward Academy,0,0
10-14-2022,Goose Lake Northeast,28,Monticello,58,0
10-14-2022,Murray,6,Moravia,46,0
10-14-2022,Corning Southwest Valley,14,Mount Ayr,33,0
10-14-2022,DeWitt Central Clinton,0,Mount Vernon,47,0
10-14-2022,Missouri Valley,14,Moville Woodbury Central,56,0
10-14-2022,Neola Tri-Center,40,Sloan Westwood,29,0
10-14-2022,Humboldt,8,Nevada,16,0
10-14-2022,Newell-Fonda,1,Westside Ar-We-Va,0,0
10-14-2022,New London,72,Victor HLV,14,0
10-14-2022,Ogden,39,Manning IKM-Manning,20,0
10-14-2022,Orange City Unity Christian,30,Sheldon,8,0
10-14-2022,Osage,28,Cresco Crestwood,12,0
10-14-2022,Des Moines North,20,Ottumwa,32,0
10-14-2022,Riverside Highland,8,Packwood Pekin,35,0
10-14-2022,Panora Panorama,36,Greenfield Nodaway Valley,34,0
10-14-2022,Tiffin Clear Creek-Amana,2,Pella,35,0
10-14-2022,Pella Christian,48,Leon Central Decatur,14,0
10-14-2022,Ankeny Centennial,16,Pleasant Hill Southeast Polk,42,0
10-14-2022,Dubuque Senior,7,Pleasant Valley,49,0
10-14-2022,Pleasantville,50,Eldon Cardinal,17,0
10-14-2022,Estherville-Lincoln Central,20,Pocahontas Area,26,0
10-14-2022,Story City Roland-Story,13,Prairie City-Monroe,28,0
10-14-2022,Lansing Kee,12,Preston Easton Valley,62,0
10-14-2022,Remsen St Mary,61,Glidden-Ralston,6,0
10-14-2022,Rock Rapids Central Lyon-George-Little Rock,62,Milford Okoboji,6,0
10-14-2022,Ruthven Graettinger-Terril-Ruthven-Ayrshire,62,Fort Dodge St Edmond,35,0
10-14-2022,Lake Mills,6,Saint Ansgar,54,0
10-14-2022,Sioux City Heelan,28,Sergeant Bluff-Luton,45,0
10-14-2022,Sigourney-Keota,69,Keosauqua Van Buren,20,0
10-14-2022,Carroll,0,Sioux Center,25,0
10-14-2022,Sioux City North,70,Sioux City West,0,0
10-14-2022,Grinnell,7,Solon,51,0
10-14-2022,Spirit Lake,24,Gowrie Southeast Valley,6,0
10-14-2022,Albia,0,State Center West Marshall,47,0
10-14-2022,Stuart West Central Valley,17,Truro Interstate-35,13,0
10-14-2022,Treynor,23,Mapleton MV-A-O-CO-U,0,0
10-14-2022,Tripoli,46,Springville,6,0
10-14-2022,Troy Mills North Linn,48,Delhi Maquoketa Valley,6,0
10-14-2022,Underwood,28,Carroll Kuemper,20,0
10-14-2022,Maquoketa,7,Van Horne Benton,49,0
10-14-2022,Van Meter,54,Guthrie Center-Adair-Casey,0,0
10-14-2022,Stanwood North Cedar,6,Wapello,45,0
10-14-2022,Fairfield,28,Washington,35,0
10-14-2022,Sumner-Fredericksburg,7,Waterloo Columbus,35,0
10-14-2022,Urbandale,7,Waukee,30,0
10-14-2022,Waukon,42,LaPorte City Union,0,0
10-14-2022,Epworth Western Dubuque,14,Waverly-Shell Rock,35,0
10-14-2022,Wayland WACO,42,Thornburg Tri-County,10,0
10-14-2022,Storm Lake,7,Webster City,55,0
10-14-2022,Bloomfield Davis County,6,Wellman Mid-Prairie,42,0
10-14-2022,West Bend-Mallard,57,Correctionville River Valley,18,0
10-14-2022,West Branch,54,Wilton,7,0
10-14-2022,Keokuk,7,West Burlington-Notre Dame,24,0
10-14-2022,West Des Moines Valley,3,West Des Moines Dowling,35,0
10-14-2022,West Liberty,32,Anamosa,13,0
10-14-2022,West Union North Fayette Valley,48,Oelwein,0,0
10-14-2022,Williamsburg,76,Eddyville-Blakesburg-Fremont,21,0
10-14-2022,North English English Valleys,8,Winfield-Mount Union,71,0
10-14-2022,Winterset,30,Des Moines Hoover,0,0
10-14-2022,Winthrop East Buchanan,69,Calmar South Winneshiek,13,0
10-14-2022,Manson Northwest Webster,6,Woodward-Granger,55,0
10-20-2022,Alta-Aurelia,29,Sioux Rapids Sioux Central,6,0
10-20-2022,Seymour-Moulton-Udell,38,Bussey Twin Cedars,42,0
10-20-2022,Dubuque Hempstead,0,Cedar Rapids Kennedy,41,0
10-20-2022,Maquoketa,21,Davenport Assumption,42,0
10-20-2022,Milford Okoboji,6,Forest City,42,0
10-20-2022,Garden Grove Mormon Trail,70,North English English Valleys,54,0
10-20-2022,Garwin GMG,40,Springville,38,0
10-20-2022,Greene North Butler,39,Manly Central Springs,21,0
10-20-2022,Lamoni,54,Melcher-Dallas,30,0
10-20-2022,Manning IKM-Manning,52,Council Bluffs St Albert,17,0
10-20-2022,Mapleton MV-A-O-CO-U,28,Missouri Valley,14,0
10-20-2022,Bloomfield Davis County,14,Panora Panorama,42,0
10-20-2022,Council Bluffs Lincoln,0,Sioux City North,49,0
10-21-2022,Adel ADM,65,Saydel,0,0
10-21-2022,Oakland Riverside,0,Akron-Westfield,34,0
10-21-2022,Bellevue,27,Alburnett,38,0
10-21-2022,Nevada,14,Alleman North Polk,35,0
10-21-2022,Baxter,38,Anita CAM,58,0
10-21-2022,Ankeny,54,Des Moines Lincoln,6,0
10-21-2022,Des Moines East,0,Ankeny Centennial,56,0
10-21-2022,Eagle Grove,8,Aplington-Parkersburg,56,0
10-21-2022,Atlantic,26,Creston-Orient-Macksburg,21,0
10-21-2022,Sloan Westwood,21,Avoca AHSTW,46,0
10-21-2022,Davenport North,15,Bettendorf,48,0
10-21-2022,Bondurant-Farrar,34,Norwalk,7,0
10-21-2022,Sioux City Heelan,24,Boyden-Hull-Rock Valley,25,0
10-21-2022,Nashua-Plainfield,16,Britt West Hancock,44,0
10-21-2022,Carlisle,1,Perry,0,0
10-21-2022,Sergeant Bluff-Luton,19,Carroll,24,0
10-21-2022,Emmetsburg,8,Carroll Kuemper,35,0
10-21-2022,Cedar Falls,24,Dubuque Senior,14,0
10-21-2022,Oskaloosa,6,Cedar Rapids Xavier,52,0
10-21-2022,Des Moines Christian,42,Centerville,50,0
10-21-2022,Central City,46,Tripoli,26,0
10-21-2022,Sibley-Ocheyedan,28,Cherokee Washington,35,0
10-21-2022,Story City Roland-Story,27,Clarinda,56,0
10-21-2022,Clear Lake,28,Prairie City-Monroe,27,0
10-21-2022,Colfax-Mingo,41,Eldon Cardinal,7,0
10-21-2022,Delhi Maquoketa Valley,14,Columbus Junction,62,0
10-21-2022,Corning Southwest Valley,21,Madrid,14,0
10-21-2022,Des Moines Hoover,7,Council Bluffs Jefferson,9,0
10-21-2022,Winterset,15,Council Bluffs Lewis Central,42,0
10-21-2022,West Union North Fayette Valley,20,Cresco Crestwood,28,0
10-21-2022,Muscatine,13,Davenport West,35,0
10-21-2022,Collins-Maxwell,64,Des Moines Grand View Christian,75,0
10-21-2022,Van Horne Benton,14,DeWitt Central Clinton,21,1
10-21-2022,Cascade Western Dubuque,14,Dike-New Hartford,48,0
10-21-2022,West Liberty,0,Dubuque Wahlert,62,0
10-21-2022,Mount Pleasant,10,Eldridge North Scott,49,0
10-21-2022,Mason City,26,Epworth Western Dubuque,36,0
10-21-2022,Saint Ansgar,0,Fairbank Wapsie Valley,35,0
10-21-2022,Burlington,24,Fort Madison,28,0
10-21-2022,Garner-Hayfield-Ventura,34,Oelwein,0,0
10-21-2022,Winfield-Mount Union,18,Gilbertville Don Bosco,48,0
10-21-2022,New London,14,Gladbrook-Reinbeck,46,0
10-21-2022,Dallas Center-Grimes,14,Glenwood,44,0
10-21-2022,Grinnell,27,Fairfield,20,0
10-21-2022,Belle Plaine,0,Grundy Center,49,0
10-21-2022,Treynor,29,Guthrie Center-Adair-Casey,34,0
10-21-2022,Guttenberg Clayton Ridge,26,Stanwood North Cedar,20,0
10-21-2022,Hampton-Dumont-CAL,21,Tama South Tama,13,0
10-21-2022,Knoxville,0,Harlan,49,0
10-21-2022,Swea City North Union,31,Hartley-Melvin-Sanborn,46,0
10-21-2022,Lake View East Sac,0,Hawarden West Sioux,58,0
10-21-2022,Hinton,46,Logan-Magnolia,22,0
10-21-2022,Lake City South Central Calhoun,18,Hull Western Christian,36,0
10-21-2022,Humboldt,31,Algona,8,0
10-21-2022,Gilbert,0,Huxley Ballard,40,0
10-21-2022,Orange City Unity Christian,23,Ida Grove O-A-BC-IG,29,0
10-21-2022,Center Point-Urbana,20,Independence,38,0
10-21-2022,Indianola,49,Boone,0,0
10-21-2022,Estherville-Lincoln Central,26,Inwood West Lyon,37,0
10-21-2022,Davenport Central,0,Iowa City High,79,0
10-21-2022,Clinton,7,Iowa City Liberty,42,0
10-21-2022,Edgewood-Colesburg,42,Jackson Junction Turkey Valley,71,0
10-21-2022,LaPorte City Union,13,Jefferson Greene County,35,0
10-21-2022,Holstein Ridge View,12,Jewell South Hamilton,54,0
10-21-2022,Johnston,31,Ames,9,0
10-21-2022,Lake Mills,42,Belmond-Klemme,20,0
10-21-2022,Marcus-Meriden-Cleghorn-Remsen-Union,40,Lawton-Bronson,47,0
10-21-2022,LeMars,44,Fort Dodge,16,0
10-21-2022,Neola Tri-Center,22,LeMars Gehlen,40,0
10-21-2022,Colo-NESCO,14,Lenox,66,0
10-21-2022,Malvern East Mills,32,Liberty Center Southeast Warren,38,0
10-21-2022,Earlham,16,Lynnville-Sully,49,0
10-21-2022,Manchester West Delaware,35,Charles City,0,0
10-21-2022,Waterloo East,13,Marion,42,0
10-21-2022,Marion Linn-Mar,28,Cedar Rapids Prairie,13,0
10-21-2022,Des Moines North,14,Marshalltown,30,0
10-21-2022,Hudson,42,Mason City Newman,49,0
10-21-2022,Leon Central Decatur,7,Mediapolis,52,0
10-21-2022,Bedford,27,Mondamin West Harrison-Whiting,29,0
10-21-2022,Durant,12,Monona MFL-MarMac,48,0
10-21-2022,Marengo Iowa Valley,42,Montezuma,44,0
10-21-2022,Donnellson Central Lee,0,Monticello,62,0
10-21-2022,Ogden,24,Mount Ayr,27,0
10-21-2022,Mount Vernon,55,Vinton-Shellsburg,6,0
10-21-2022,Paullina South O'Brien,0,Moville Woodbury Central,42,0
10-21-2022,Harris-Lake Park,26,Newell-Fonda,55,0
10-21-2022,Newton,27,Tiffin Clear Creek-Amana,0,0
10-21-2022,Clarion-Goldfield-Dows,15,Osage,49,0
10-21-2022,Cedar Rapids Washington,14,Pella,47,0
10-21-2022,Iowa City Regina,0,Pella Christian,31,0
10-21-2022,Pleasant Hill Southeast Polk,63,Cedar Rapids Jefferson,7,0
10-21-2022,Iowa City West,14,Pleasant Valley,35,0
10-21-2022,Brooklyn BGM,34,Preston Easton Valley,40,0
10-21-2022,Chariton,12,Red Oak,42,0
10-21-2022,Audubon,0,Remsen St Mary,76,0
10-21-2022,Iowa Falls-Alden,0,Rock Rapids Central Lyon-George-Little Rock,57,0
10-21-2022,Kingsley-Pierson,34,Ruthven Graettinger-Terril-Ruthven-Ayrshire,50,0
10-21-2022,Sumner-Fredericksburg,0,Sigourney-Keota,31,0
10-21-2022,Sioux Center,21,MOC-Floyd Valley,20,0
10-21-2022,Sioux City East,62,Sioux City West,14,0
10-21-2022,Sioux City Siouxland Christian,34,Griswold,30,0
10-21-2022,Solon,41,Keokuk,7,0
10-21-2022,Spencer,35,Storm Lake,7,0
10-21-2022,Sheldon,7,Spirit Lake,35,0
10-21-2022,Osceola Clarke,13,State Center West Marshall,63,0
10-21-2022,Moravia,38,Tabor Fremont-Mills,44,0
10-21-2022,Arlington Starmont,18,Traer North Tama,27,0
10-21-2022,Wapello,0,Troy Mills North Linn,45,0
10-21-2022,Truro Interstate-35,17,Underwood,49,0
10-21-2022,Pleasantville,0,Van Meter,49,0
10-21-2022,West Burlington-Notre Dame,6,Washington,27,0
10-21-2022,Denver,7,Waterloo Columbus,14,0
10-21-2022,Ottumwa,34,Waterloo West,42,0
10-21-2022,Urbandale,7,Waukee Northwest,20,0
10-21-2022,New Hampton,22,Waukon,24,0
10-21-2022,Waverly-Shell Rock,32,Decorah,13,0
10-21-2022,Martensdale-St Marys,14,Wayland WACO,57,0
10-21-2022,Denison-Schleswig,7,Webster City,63,0
10-21-2022,Wellman Mid-Prairie,7,Goose Lake Northeast,6,0
10-21-2022,Clarksville,0,West Bend-Mallard,48,0
10-21-2022,Eldora South Hardin,0,West Branch,42,0
10-21-2022,Waukee,7,West Des Moines Dowling,43,0
10-21-2022,West Des Moines Valley,54,Des Moines Roosevelt,29,0
10-21-2022,Camanche,0,Williamsburg,42,0
10-21-2022,Lisbon,14,Winthrop East Buchanan,44,0
10-21-2022,Afton East Union,34,Woodbine,50,0
10-21-2022,Stuart West Central Valley,3,Woodward-Granger,34,0
10-28-2022,Grinnell,0,Adel ADM,56,0
10-28-2022,Creston-Orient-Macksburg,20,Alleman North Polk,52,0
10-28-2022,Sioux City East,0,Ankeny,17,0
10-28-2022,Corning Southwest Valley,14,Avoca AHSTW,35,0
10-28-2022,Fairbank Wapsie Valley,9,Britt West Hancock,16,0
10-28-2022,Newton,28,Carlisle,48,0
10-28-2022,Ankeny Centennial,10,Cedar Falls,14,0
10-28-2022,Marion Linn-Mar,28,Cedar Rapids Prairie,50,0
10-28-2022,Cedar Rapids Washington,7,Cedar Rapids Xavier,44,0
10-28-2022,Centerville,28,Monticello,27,0
10-28-2022,LeMars,7,Council Bluffs Lewis Central,57,0
10-28-2022,Cresco Crestwood,20,Waukon,18,0
10-28-2022,Dubuque Wahlert,21,State Center West Marshall,14,0
10-28-2022,Epworth Western Dubuque,15,Eldridge North Scott,38,0
10-28-2022,Gladbrook-Reinbeck,30,Jackson Junction Turkey Valley,28,0
10-28-2022,Glenwood,38,Spencer,26,0
10-28-2022,Columbus Junction,7,Grundy Center,41,0
10-28-2022,MOC-Floyd Valley,7,Harlan,42,0
10-28-2022,Hinton,27,Hartley-Melvin-Sanborn,46,0
10-28-2022,Carroll Kuemper,7,Hawarden West Sioux,45,0
10-28-2022,Hull Western Christian,49,Aplington-Parkersburg,27,0
10-28-2022,Hampton-Dumont-CAL,0,Humboldt,39,0
10-28-2022,Ida Grove O-A-BC-IG,34,Osage,22,0
10-28-2022,Van Horne Benton,17,Independence,20,0
10-28-2022,Indianola,35,Bondurant-Farrar,13,0
10-28-2022,Inwood West Lyon,43,Jefferson Greene County,7,0
10-28-2022,Webster City,14,Iowa City Liberty,24,0
10-28-2022,Iowa City High,31,Johnston,38,0
10-28-2022,Anita CAM,14,Lenox,34,0
10-28-2022,Mount Ayr,33,Lynnville-Sully,62,0
10-28-2022,Dike-New Hartford,6,Monona MFL-MarMac,28,0
10-28-2022,Preston Easton Valley,38,Montezuma,60,0
10-28-2022,DeWitt Central Clinton,9,Mount Vernon,23,0
10-28-2022,LeMars Gehlen,7,Moville Woodbury Central,48,0
10-28-2022,Nevada,10,Sioux Center,7,0
10-28-2022,Newell-Fonda,35,Gilbertville Don Bosco,10,0
10-28-2022,Pella Christian,38,Jewell South Hamilton,30,0
10-28-2022,Ames,3,Pleasant Hill Southeast Polk,49,0
10-28-2022,West Bend-Mallard,16,Remsen St Mary,42,0
10-28-2022,Clarinda,16,Rock Rapids Central Lyon-George-Little Rock,42,0
10-28-2022,Ruthven Graettinger-Terril-Ruthven-Ayrshire,28,Mondamin West Harrison-Whiting,12,0
10-28-2022,Mediapolis,14,Sigourney-Keota,20,0
10-28-2022,Manchester West Delaware,18,Solon,42,0
10-28-2022,Clear Lake,21,Spirit Lake,43,0
10-28-2022,Tabor Fremont-Mills,30,Liberty Center Southeast Warren,28,0
10-28-2022,Mason City Newman,14,Troy Mills North Linn,28,0
10-28-2022,Guthrie Center-Adair-Casey,14,Underwood,62,0
10-28-2022,Woodward-Granger,0,Van Meter,42,0
10-28-2022,Waukee Northwest,9,Cedar Rapids Kennedy,0,0
10-28-2022,Fort Madison,7,Waverly-Shell Rock,49,0
10-28-2022,Central City,12,Wayland WACO,48,0
10-28-2022,Waterloo Columbus,14,West Branch,27,0
10-28-2022,Davenport West,0,West Des Moines Dowling,35,0
10-28-2022,West Des Moines Valley,15,Pleasant Valley,10,0
10-28-2022,Wellman Mid-Prairie,7,Williamsburg,63,0
10-28-2022,Winthrop East Buchanan,57,Alburnett,21,0
11-03-2022,Tabor Fremont-Mills,8,Lenox,32,0
11-03-2022,Gladbrook-Reinbeck,36,Newell-Fonda,46,0
11-03-2022,Ruthven Graettinger-Terril-Ruthven-Ayrshire,14,Remsen St Mary,63,0
11-03-2022,Montezuma,7,Wayland WACO,52,0
11-04-2022,Alleman North Polk,42,Adel ADM,68,0
11-04-2022,Troy Mills North Linn,21,Britt West Hancock,52,0
11-04-2022,Carlisle,56,Iowa City Liberty,28,0
11-04-2022,Indianola,6,Cedar Rapids Xavier,23,0
11-04-2022,Glenwood,24,Council Bluffs Lewis Central,47,0
11-04-2022,Cresco Crestwood,6,Dubuque Wahlert,41,0
11-04-2022,Eldridge North Scott,20,Waverly-Shell Rock,10,0
11-04-2022,Winthrop East Buchanan,6,Grundy Center,20,0
11-04-2022,Nevada,7,Harlan,55,0
11-04-2022,Hull Western Christian,20,Hawarden West Sioux,49,0
11-04-2022,Independence,26,Humboldt,34,0
11-04-2022,Ida Grove O-A-BC-IG,19,Spirit Lake,0,0
11-04-2022,Johnston,23,Ankeny,13,0
11-04-2022,Avoca AHSTW,0,Lynnville-Sully,20,0
11-04-2022,Solon,0,Mount Vernon,17,0
11-04-2022,Hartley-Melvin-Sanborn,24,Moville Woodbury Central,27,0
11-04-2022,Cedar Rapids Prairie,0,Pleasant Hill Southeast Polk,41,0
11-04-2022,Inwood West Lyon,7,Rock Rapids Central Lyon-George-Little Rock,42,0
11-04-2022,Pella Christian,28,Underwood,47,0
11-04-2022,Sigourney-Keota,0,Van Meter,45,0
11-04-2022,Monona MFL-MarMac,24,West Branch,27,0
11-04-2022,Waukee Northwest,7,West Des Moines Dowling,41,0
11-04-2022,West Des Moines Valley,27,Cedar Falls,13,0
11-04-2022,Centerville,0,Williamsburg,35,0
11-09-2022,Lenox,20,Remsen St Mary,42,0
11-09-2022,Newell-Fonda,21,Wayland WACO,29,0
11-10-2022,Lynnville-Sully,14,Britt West Hancock,22,0
11-10-2022,Eldridge North Scott,10,Cedar Rapids Xavier,38,0
11-10-2022,Carlisle,21,Council Bluffs Lewis Central,42,0
11-10-2022,Moville Woodbury Central,20,Grundy Center,49,0
11-11-2022,Underwood,7,Hawarden West Sioux,47,0
11-11-2022,Johnston,14,Pleasant Hill Southeast Polk,35,0
11-11-2022,West Branch,17,Van Meter,48,0
11-11-2022,West Des Moines Valley,22,West Des Moines Dowling,21,0
11-12-2022,Adel ADM,28,Harlan,49,0
11-12-2022,Humboldt,6,Mount Vernon,14,0
11-12-2022,Ida Grove O-A-BC-IG,14,Rock Rapids Central Lyon-George-Little Rock,37,0
11-12-2022,Dubuque Wahlert,7,Williamsburg,31,0
11-17-2022,Council Bluffs Lewis Central,38,Cedar Rapids Xavier,45,0
11-17-2022,Grundy Center,27,Britt West Hancock,0,0
11-17-2022,Wayland WACO,16,Remsen St Mary,38,0
11-18-2022,Mount Vernon,23,Harlan,30,0
11-18-2022,West Des Moines Valley,14,Pleasant Hill Southeast Polk,49,0
11-18-2022,Rock Rapids Central Lyon-George-Little Rock,10,Williamsburg,6,0
11-18-2022,Hawarden West Sioux,7,Van Meter,35,0
